Material_Class,Composition_Formula,Hydrogen_Weight_Percent,Heat_of_Formation_kJperMolH2,Temperature_oC,Pressure_Atmospheres_Absolute,Entropy_of_Formation_JperMolH2perK,Equilibrium_Pressure_25C,LnEquilibrium_Pressure_25C,HtoM,atomic_mass_weighted,atomic_radius_weighted,melting_point_weighted,PC1,PC2,PC3
A2B,Th2Al,0.8,130.0,500.0,0.001,110.71113411383678,1.0167358951774124e-17,-39.127349187648704,1.3095709021377366,220.77107260974196,1.7697798293741955,2050.0799305463515,0.3149607744176556,-0.7823804646164773,0.06782237415934467
A2B,Ti2Cu,2.2,130.0,500.0,0.12,150.51510167451383,1.2200830742128937e-15,-34.33985744486666,1.18484976358187,54.12225950527373,1.3800521094927172,1708.3158363887492,-1.7277886752542,0.043405036240777316,-1.2145635154607437
A2B,Zr2Cu,1.3,144.0,600.0,0.003,116.6219783432098,7.297612026554459e-20,-44.064154684891946,1.071442643251154,84.0741256616015,1.4983353252518357,1929.031587843606,-1.8578425686345956,0.03669651459036739,-1.4519874051282573
A2B,Zr2Ni,1.3,183.0,604.0,0.003,160.33208440571488,2.058957198564648e-24,-54.53984259151432,1.0503068327409768,83.30610818200444,1.5013203456561173,2030.6406913122344,-1.692510365230665,0.08044639280336825,-1.3406882055220688
A2B,Mg2Ni,3.6,64.5,299.0,3.2,122.40329577151846,1.2401578620850435e-05,-11.297686785323176,1.3251259632483698,43.114954918110705,1.4179521804528097,1363.3232982365892,0.26499311985219215,-0.2845172920172867,-0.5728723228712186
A2B,Mg2Co0.25Ni0.75,3.1,64.5,279.0,1.0,116.81608258625374,6.333239945579323e-06,-11.969698613009502,1.1358269759536368,43.156560174796205,1.417914237818518,1369.0160590301073,0.18414118039993752,-0.23638916725903164,-0.3797356479908949
A2B,Mg2Fe0.25Ni0.75,3.3,65.2,300.0,1.9,119.09378137973276,6.280056744354837e-06,-11.978131541799696,1.202894219563041,42.637799322458775,1.4249551089066368,1371.7582968778877,0.03519092595386018,-0.2050337511067587,-0.5069311112662667
A2B,Mg2Cr0.25Ni0.75,3.2,61.0,250.0,0.9,115.72537308383632,2.279544208544706e-05,-10.688949950521277,1.1547189973326335,42.04383174303571,1.4251824367485941,1413.1672638428386,0.017494596558511464,-0.19133560335531505,-0.5056902327901018
A2B,Mg2Cu0.25Ni0.75,3.2,59.0,250.0,1.2,114.29421225881924,4.3001956393652456e-05,-10.054264945778892,1.1862843806025627,43.99951879846898,1.4171925157959775,1313.1995949465772,0.2335215258674528,-0.2947038584142072,-0.5891286430474165
A2B,Mg2Ti0.25Ni0.75,3.2,59.0,250.0,1.3,114.95970005720751,4.658545275979016e-05,-9.974222238105355,1.1434343434343437,41.47320830962323,1.42543096442721,1378.2557224503998,-0.00851318568589032,-0.18882594895497357,-0.5113581289697207
AB,ThCo,1.4,46.8,40.0,0.05,124.5421513330249,0.0202404562945991,-3.900071890617428,2.049324254845616,196.97747381084645,1.7088571902059537,2044.7187666699242,-0.2182340638047895,-0.35526483560084743,0.351233398253747
AB,ThNi,1.2,45.3,40.0,0.01,106.37099190480488,0.0041671432123623,-5.480524558914876,1.7515631627144783,197.0429223315688,1.7091531752360067,2036.8717307029656,0.28311997245312137,-0.642796802481131,-0.7885326844217382
AB,Ti0.46Mn0.05V0.05Fe0.45,1.7,28.6,22.0,2.0,102.66281728580611,2.24884865942675,0.810418378328218,0.8908435019266714,52.20968407253645,1.397571579900899,1868.3548487497549,-2.299631530047452,0.3652196615686151,-0.7576945575408252
AB,Zr0.04Ti0.96Nb0.04Fe0.95,1.7,31.8,30.0,1.4,107.696048741153,1.1330198344371585,0.1248864880154619,0.9170692230144246,54.906941906160995,1.4068924959505513,1910.8407171028248,-2.348650596499953,0.3720986497462587,-0.7756321961758473
AB,Ti0.9Fe0.9B0.2,1.5,7.6,27.0,14.0,47.26221524537158,13.716892394336089,2.618628094771769,0.7214089315929417,51.226640909709644,1.3875479304315048,1881.8218862234694,-1.959857542744002,0.006479849068865776,-1.7895915906874706
AB,La0.1Ti0.9Co1,1.5,60.0,150.0,3.2,151.46431095449014,0.0025112451596866,-5.98697656928881,0.8755139744984288,64.40430397241983,1.4404916085670247,1763.391251109258,-1.0715085042212074,0.014853385597475541,-0.25601610665590535
AB,Zr0.1Ti0.9Fe1,1.0,28.9,30.0,3.3,105.25880496078123,2.722722436607205,1.001632275557145,0.5413645382395382,55.65107413392418,1.412664406553772,1889.5971362648165,-2.376340978372346,0.37427728058365417,-0.8159924326411635
AB,TiCo,1.3,57.8,150.0,2.2,143.14994806628025,0.00224399239246,-6.099498681496754,0.6977626480556762,53.973414204983655,1.372409603278346,1845.5372273430773,-1.4564689844385177,0.18789795569520473,-0.015754745015215673
AB,Ti1Fe0.5Co0.5,1.1,42.3,100.0,4.0,124.88511065111987,0.1295775132300278,-2.0434760191459582,0.580701743233104,53.08141353002387,1.386002427317809,1858.08179787399,-1.90796043336088,0.2816108379608153,-0.40278512530031113
AB,Ti1Mn0.5Co0.5,1.6,46.9,120.0,3.2,128.9635115278683,0.0330866273106653,-3.4086260869738685,0.8452914892244161,52.83174046283408,1.385941860279829,1781.7516065676602,-1.9251281225968542,0.2939270172909386,-0.4909290783572124
AB,TiCu,1.6,126.0,500.0,0.15,147.19671233730688,4.110047647986045e-15,-33.12534177328579,0.8986078848883727,56.80974217550914,1.3714817839928912,1608.34641756348,-1.1949920535143055,-0.16464043766995717,-1.3129426437967546
AB,TiFe,1.9,28.1,30.0,5.2,106.40059606234054,4.313248552071831,1.4616913445867017,0.9963755804734398,52.16285207112003,1.4000000000000001,1870.9999035791425,-2.3548111966991248,0.3756770864176413,-0.7843715151264188
AB,Ti1Fe0.6Ni0.4,1.5,48.6,50.0,0.035,122.5221069738912,0.0076797015643149,-4.869174591390732,0.7920244138264443,52.840651617909394,1.3888044561367634,1851.7633159932307,-1.7898279431491935,0.1859413501868848,-0.9268428506472438
AB,Ti1Mn0.2Fe0.7,2.0,34.7,40.0,1.4,113.6069998806453,0.7160157767194152,-0.3340530777399251,1.0437031034218198,51.84434906122105,1.4,1841.7753743642843,-2.3743755161844726,0.3860926887702144,-0.821163609227577
AB,Ti1Be0.2Fe0.8,1.4,30.5,21.0,0.7,100.7231420594093,0.8274895474763463,-0.1893588032592206,0.6644793526031102,50.90256590174853,1.3933133730250038,1872.1613945918427,-3.4270572328110656,0.6044455254566476,-1.4854996022067515
AB,Ti1V0.05Fe0.8Ni0.15,1.3,41.0,150.0,7.0,113.07096133583066,0.0528651881013207,-2.9400102266592545,0.6787760253333013,52.29046495425125,1.394537184190996,1872.9812867113656,-2.107850328949193,0.30370773032354137,-0.7964012174282201
AB,Ti1Fe0.8Ni0.2,1.0,41.9,50.0,0.28,119.07750904339922,0.0757261773330141,-2.580631374708493,0.5224951899951901,52.5036032188204,1.3943716480210138,1861.3290660449657,-2.0618780273599002,0.2816042922324898,-0.8433582043541074
AB,Ti1Mn0.05Fe0.95,1.6,29.3,50.0,9.0,108.93804200203068,3.6067059056670914,1.2827948642660227,0.8361292767615177,52.13720936156787,1.4,1863.2888935385681,-2.3428379431495836,0.3779511346147286,-0.7771261385780918
AB,Ti1Al0.1Fe0.9,1.3,30.0,25.0,1.2,102.13634345272838,1.2000000000000008,0.1823215567939553,0.6587289024078898,51.28503963090817,1.3959859116851159,1849.2343073974707,-2.166489843723076,0.3074436632487985,-0.7023447011116893
AB,Ti1Fe0.9Co0.1,1.5,30.6,50.0,5.0,108.07398979419207,1.924057490611676,0.6544362325723925,0.7857506911711385,52.34874600070616,1.39716724040037,1868.3856011728496,-2.245486096019782,0.3583833113484868,-0.6846450781875448
AB,Ti1Cr0.1Fe0.9,1.1,30.5,150.0,20.0,96.98545361899276,0.5278644188036328,-0.6389158108190417,0.5700594485772066,51.95545247535715,1.4,1889.792159095517,-2.345938114883051,0.3853801130716005,-0.7607622281129698
AB,Ti1Mn0.1Fe0.9,1.9,29.5,25.0,2.6,106.88775890335351,2.600000000000001,0.9555114450274368,0.9955042562153134,52.111544207998286,1.4,1855.5711343655203,-2.335505375184157,0.37987181662060526,-0.7753247524887551
AB,Ti1Fe0.9Ni0.1,1.4,35.6,50.0,1.8,115.05250958057572,0.5925849497878128,-0.5232610410807836,0.7324546427766507,52.333694291634245,1.3971781161812222,1866.1512409415518,-2.1886216982970237,0.3301424956377189,-0.7907279002895617
AB,ErAg,0.3,35.2,790.0,0.01,-5.178960397200568,3.65153843488012e-07,-14.822947083157208,0.4106474184458136,143.97384792285163,1.6911900022971191,1579.6707640175161,-0.5772455147202898,-0.24457869641042307,1.5545125693049051
AB,HfCo,1.3,59.0,50.0,0.001,125.14557454822528,0.0001586042602992,-8.749098387212227,1.5511679286076134,148.8136050603987,1.5003559919661598,2322.8136103551296,-0.6294661968536656,-0.07373409489325597,0.49356739554755247
AB,HfNi,1.3,50.0,50.0,0.02,122.20172573034142,0.0042007875194439,-5.472483266640087,1.5496012648558242,148.84513546715328,1.5005080035112068,2313.476133658595,-0.12811216059575667,-0.36126606177354026,-0.6461986871279323
AB,Li0.94Pd1,0.9,69.2,300.0,0.02,88.21110067183629,3.047861129830459e-08,-17.30624066824515,0.5245318135680627,100.67333252355537,1.4028883822095337,1748.656460530097,-0.36436448203097604,0.06182066313805871,1.719057555274499
AB,UCo,0.6,55.0,150.0,0.08,108.97823979275478,0.0001139202318451,-9.080012075144866,0.8891506928475617,202.4867229059281,1.6706185651196135,1477.2791160777906,-0.2615821296782476,-0.2926374268380924,0.4839648890986338
AB,Hf0.5Zr0.5Co1,1.1,76.2,200.0,0.2,147.66717064845412,2.308461485627652e-06,-12.97892927886059,1.069147600289695,121.59217142491669,1.4891783521348954,2192.5990360864234,-1.0636036443100436,0.05670851731629851,0.18287655879846806
AB,Hf0.3Zr0.7Co1,1.4,80.3,200.0,0.03,140.55954157208177,1.8781778931590424e-07,-15.487793549866536,1.241949761945008,106.93160687074216,1.4831584447154724,2122.469769658942,-1.2386508289678289,0.10877955234275676,0.05696702696113651
AB,ZrCo,1.7,76.3,200.0,0.005,117.20858980146023,5.685683897917631e-08,-16.68272932531892,1.2881042781855028,78.5506125691015,1.471504667158973,1986.7084008861516,-1.5023817773505366,0.18679776333463974,-0.13325826840960647
AB,Zr1Co0.84Ni0.16,1.6,83.0,250.0,0.01,120.36618850011102,5.5704395291024795e-09,-19.0057918760482,1.210791939282488,78.54062557376524,1.471535721184202,1984.2620286594058,-1.420216043603942,0.14094106243410381,-0.31333436564490746
AB,ZrNi,2.0,64.0,300.0,1.0,111.66361336473874,4.1694944791718575e-06,-12.387715757518617,1.517628360868157,78.48810998296396,1.4716990155912524,1971.3980311825046,-0.9987073983005692,-0.10055752045003831,-1.2703023558555975
AB2,CaNi2,2.1,85.0,25.0,0.05,260.1844025040857,0.0499999999999999,-2.995732273553992,1.1169617523550108,53.95540140475839,1.4645341689063207,1571.9790099120564,1.7883514326638175,-1.3262321960594465,-2.633039728292654
AB2,DyFe2,1.5,58.0,80.0,0.0001,87.65992597511006,2.614755205396812e-06,-12.854340076532177,1.3807811618725323,119.05459006528321,1.6074291549655348,1733.3622305700428,-1.4581279219840955,-0.000595438471607587,-0.46261941474839424
AB2,Ce0.5Th1.5Al1,0.4,133.0,650.0,0.0003,76.62973058967334,5.027494542157073e-20,-44.43678010281463,0.5911166207156671,205.13914556770175,1.7745292471307657,1878.5789252481027,0.8614868849854793,-1.0086738506530377,0.7614596358678388
AB2,Zr0.5Ti0.5Mn1.2Fe0.3,1.9,39.0,120.0,1.5,102.5698804697131,0.0334994686463266,-3.396225701580591,1.1699547052732069,64.79869999314586,1.444945413375681,1799.9641268752696,-2.3131337512241408,0.38252313171631036,-0.9477164164977183
AB2,Zr0.5Ti0.5Mn2,1.8,40.0,70.0,1.5,119.93820031408868,0.1807517251545121,-1.7106308735655071,1.0875617665599846,63.21932332304072,1.4381325346631917,1730.1097388001076,-2.278213648524986,0.3795660299456869,-0.9907592990303283
AB2,Zr0.4Ti0.6Mn1.4Cr0.4Cu0.2,1.8,48.0,20.0,0.3,153.72867899722445,0.4174028293033868,-0.8737035059638623,1.064583351517797,61.59514135108163,1.4275463225811946,1781.145254431966,-2.1307589123381443,0.31999094094138664,-0.9758202555243118
AB2,Zr0.4Ti0.6Mn1.9Cu0.1,1.7,40.6,20.0,0.5,132.73271482119557,0.6611368676753244,-0.4137943990286888,1.006224081037694,61.62005929575666,1.4293026832835676,1708.361558856987,-2.1868798811300545,0.34263566747679874,-0.9962491634510272
AB2,Zr0.3Ti0.7Mn1.9Mo0.1,1.7,41.0,17.0,0.9,140.43023684071255,1.420024941763026,0.3506744360807625,0.9999544348837648,61.51217374983625,1.4262211603759947,1770.7436520035583,-2.2605331973853726,0.38305082432692517,-0.9549164151828319
AB2,Zr0.2Ti0.8Cr1.8,2.3,23.0,0.0,3.0,93.3368562112798,7.013375851791718,1.947819161700853,1.256616332069293,55.710094277279005,1.4182288339719515,2112.7195953304367,-2.3669436693742743,0.4576721726395596,-0.7182793264772223
AB2,Zr0.2Ti0.8Mn1Cr1,1.46,30.0,0.0,2.0,115.5926997355848,6.054539488098582,1.8008083192983042,0.8235125750270672,56.39568766750419,1.4167411598075994,1896.068849695831,-2.3008384451844055,0.41938208977961117,-0.8258973094464414
AB2,Zr0.2Ti0.8Mn0.8Cr1Fe0.2,1.8,28.0,20.0,12.0,116.17415084220004,14.549603472532237,2.677563740499213,0.9919863252836776,56.45596960984562,1.4167226042152752,1915.5792335113774,-2.2933212938515393,0.41632157387934615,-0.7989443946739081
AB2,Zr0.2Ti0.8Mn1.2Cr0.8,2.0,28.9,20.0,5.0,111.9654651913867,6.0999925659975744,1.8082875524896007,1.1072031503077422,56.5769390577432,1.416681119223666,1852.8181658773199,-2.285381230391175,0.4121554832420261,-0.843499345127826
AB2,Zr0.2Ti0.8Mn1.2V0.2Cr0.6,1.9,30.5,20.0,2.2,110.59765902303924,2.713708031696302,0.9983159770318396,1.0494198859009003,56.51726014550374,1.4135935600225216,1852.5835348784287,-2.195898469722526,0.3976245113352635,-0.7555129476647559
AB2,Zr0.2Ti0.8Mn1.4V0.2Cr0.4,1.9,29.0,20.0,9.0,117.19353927380445,10.98754411950132,2.396762278429975,1.0531883757665488,56.697660465145944,1.4135449199175207,1809.5877311396655,-2.182761597721354,0.39022122170207224,-0.7758369785756347
AB2,Zr0.2Ti0.8Mn1.5Cr0.5,2.0,27.5,30.0,10.0,109.85822647786034,8.327888943668015,2.1196099959293253,1.113159469144801,56.84639153301698,1.416591861514048,1788.520706989894,-2.262195408201331,0.40131557343564817,-0.8699023986499034
AB2,Zr0.2Ti0.8Mn1.5Cu0.5,1.6,27.0,30.0,3.0,98.198856643679,2.5066921401854296,0.91896401155002,0.917959669527251,58.83191065449927,1.4067249315016255,1648.7353586541537,-1.8324618923755054,0.1944023802222515,-1.0395012143940259
AB2,Zr0.2Ti0.8Mn1.5Fe0.5,1.7,25.4,30.0,11.0,103.72338673624576,9.289575147207117,2.2288928195095017,0.9543036674726972,57.43450181073871,1.4164005113803522,1731.289709827022,-2.217521378242408,0.3746260103151875,-0.8614961746842503
AB2,Zr0.2Ti0.8Mn1.5V0.5,2.0,45.6,30.0,0.5,144.65764799979453,0.3691496507046181,-0.9965531596927206,1.109600863162726,56.698572208413914,1.4088992589797291,1787.7299408283734,-2.037328335133677,0.3650764852165459,-0.6485754073774802
AB2,Zr0.2Ti0.8Mn1.6V0.2Cr0.2,1.9,30.5,20.0,2.0,109.80523503382749,2.46700730154209,0.9030057972275136,1.0569568656321968,56.87677438077595,1.41349662665684,1766.8985231682864,-2.1603433545519506,0.383524664451306,-0.7852730285685362
AB2,Zr0.2Ti0.8Mn1.7V0.2Mo0.1,2.0,35.0,14.0,1.0,121.8875152359394,1.7175130066404791,0.5408773180932493,1.145363463043948,59.32131889750982,1.4159502636462642,1797.3893396954518,-2.1497244834045817,0.3783875994379317,-0.801934749810103
AB2,Zr0.2Ti0.8Mn1.8Mo0.2,1.7,29.0,20.0,4.0,110.45133651827751,4.883352942000587,1.585832062213646,0.9986076047436044,61.684318449122586,1.421167268097843,1826.4930274699784,-2.2262680301338054,0.38795818942692606,-0.9038608732852449
AB2,Zr0.2Ti0.8Mn0.2V0.6Fe0.2Ni0.8Pd0.1,1.3,46.5,25.0,0.01,117.6736470642801,0.01,-4.60517018598809,0.7518152571414152,60.951786370335974,1.3931722161305322,1902.1425275887602,-1.1167407756119352,0.0755255132090367,-0.5584280218951096
AB2,Zr0.05Ti0.95Mn0.8Cr1.2,1.7,21.9,20.0,5.5,88.87932871667212,6.394469394237009,1.8554334596161208,0.8943273419291986,52.76640533251047,1.404375094952631,1923.2122564737983,-2.2715624503838394,0.4297753331072432,-0.7494544039553687
AB2,Ti1V1.4Ni0.6,2.9,28.8,60.0,0.4,78.82935931535464,0.1180231535085358,-2.136874457590316,1.5249214863311156,51.75641709825458,1.3655008570532574,2004.1987800090078,-1.0883590193801367,0.13512651771974463,-0.19333249194924657
AB2,Ti1V1.6Ni0.4,3.3,33.2,120.0,1.0,84.44614015006997,0.0393086315930461,-3.2363111508119644,1.7249371727318987,51.16935006423259,1.365658083741291,2037.3284128911102,-1.2024439000473686,0.19471685731310498,-0.058133210972068444
AB2,Ti1V1.8Ni0.2,3.6,35.3,90.0,0.08,76.20570216351969,0.0062535522340121,-5.074605619245799,1.8684595435684648,50.57025163956627,1.365818532643474,2071.1370066618474,-1.3165287807146016,0.2543071969064653,0.07706607000510969
AB2,TmFe2,1.6,56.8,80.0,0.003,112.54003227376724,8.45853395673871e-05,-9.377749597534384,1.5089270120875813,123.92407397182195,1.6106980488247966,1815.2139609764959,-2.2098636344473648,0.32761435673762374,-0.8593330949414502
AB2,UAlNi,0.5,74.6,100.0,0.0003,132.47740632726962,7.082643601003493e-07,-14.160448422973134,0.537914188335859,187.92078280088572,1.6357964480191234,1424.483154136778,0.7108337535637308,-0.7493890417223557,-0.15112449094342154
AB2,Zr1Cr0.5Fe1.5,1.4,25.6,45.0,3.0,89.59922662342105,1.5673757863719104,0.4494027472411181,0.9437192453609796,71.40476418353592,1.4680811514827512,2002.6084117308587,-2.243684239525442,0.37675606240669585,-0.7461209228229965
AB2,Zr1Mn0.48V0.48Ni1.44,1.6,39.9,30.0,0.3,121.60798955885843,0.2300512805339951,-1.4694530360671134,1.0749236979344583,70.51780683331447,1.4363475864253608,1913.8358477217457,-0.8385163217306759,-0.06063383957810266,-0.9011143870642271
AB2,Zr0.5Ti0.5Cr1Fe1,1.8,27.0,23.0,4.0,102.69588693415672,4.305323097844682,1.459852186827605,1.07522669964116,62.7375031299433,1.4385699934493361,2018.213622111253,-2.245983339273023,0.4058736590960859,-0.6836026946464199
AB2,Ho0.4Zr0.6Co2,1.0,29.3,50.0,2.0,96.43290337692665,0.8014902012593528,-0.2212825325102524,0.7969006132756132,95.65267602392744,1.506496099863271,1841.1907535623968,-0.7003078807105855,0.013829323281311761,0.7698321458838968
AB2,Zr0.76Ti0.24Mn0.63V0.14Fe0.18Ni1.16,1.6,29.7,30.0,5.0,111.35242404057747,4.103436558396678,1.4118248076042024,1.040988705263909,68.24551399680095,1.4330782740150483,1862.6536793047585,-1.0879463472719173,0.0021525446555651488,-0.9860761989976966
AB2,Zr1Cr2Fe0.8,1.2,46.5,100.0,0.8,122.75951521436946,0.0184358432168636,-3.9934585083440433,0.7606700201921809,67.63011980556266,1.4570406207454847,2091.5057013108385,-2.2618707575002883,0.423517712907424,-0.7030199861338512
AB2,Zr1Cr2Ni0.8,1.4,37.9,100.0,1.0,101.56773415516548,0.0462816652571173,-3.0730093950845307,0.8976953667129283,68.07150573350425,1.4468093526671164,2072.7733295145426,-1.6672736665420445,0.22378658618580954,-0.8531330759046948
AB2,Zr1Cr1Fe1.2,1.4,34.0,120.0,7.0,102.6595932796336,0.2545178258069306,-1.3683844029810368,0.9254304182161368,70.2445960061189,1.4650874429980674,2039.8143022468762,-2.2456680364246298,0.397951131655727,-0.7190061007838519
AB2,Zr1Cr1Fe1.6,1.2,29.1,30.0,2.5,103.61026996219287,2.0599254873958057,0.7226698109802127,0.7784287776064093,68.86154887542402,1.458835948078037,2017.8372298310933,-2.2070024470805376,0.38632007853152134,-0.6979122906554419
AB2,Zr1Cr1Fe1.8,1.3,19.0,23.0,6.0,79.05365047636388,6.318756191293226,1.843522383614964,0.8381289416973708,68.26508880205267,1.4561398959797915,2008.3592836825633,-2.18937884258236,0.38152508321878603,-0.6874547944158775
AB2,Zr1Cr1Fe1Co0.8,1.1,20.0,0.0,10.0,92.36390115152074,20.926699927688897,3.041025852152952,0.714925641961324,68.73181420190936,1.446002177086206,1998.1449456966407,-1.8049012015044759,0.30293444069754716,-0.3565202724372554
AB2,Zr1Cr1Fe1Cu0.8,1.2,28.0,23.0,3.0,103.68071967178764,3.237801267487753,1.1748944782909256,0.792409604476779,69.52548943809552,1.444584534971523,1911.294579737089,-1.6954162681658753,0.15445072688705616,-0.9034209654056642
AB2,Zr1Mn0.8Cr1Fe1,1.4,32.0,23.0,0.6,103.8062658849606,0.6546556030591566,-0.4236459784827751,0.9008262458038264,68.1381442499529,1.456307511137889,1956.1390399501042,-2.1988287885455824,0.39227786617677807,-0.7558075020212017
AB2,Zr1Cr1Fe1Ni0.8,1.1,21.0,0.0,8.0,94.16964231493668,17.371038036919114,2.8548043387966886,0.7143686071008327,68.69368809008152,1.44607703558193,1990.6901043989055,-1.587820723247945,0.18232400578399133,-0.8294018984982383
AB2,Zr1Cr1Fe1.4,1.7,21.0,23.0,1.0,70.9100118183353,1.0588798903699246,0.057211642217111,1.1172224442506744,69.5181875331014,1.4618040126809424,2028.2714334171471,-2.2101840357644433,0.39293675885565943,-0.6902258792309074
AB2,Zr1Cr0.6Fe1.4,1.5,29.9,20.0,3.0,111.12960265754012,3.685265379173311,1.3043425391061545,1.0102160381919263,71.33485563159898,1.4682117753396158,2012.5404055917747,-2.2168857665195425,0.3848148947031262,-0.7058834410819163
AB2,Zr1Cr1Fe1.5,1.5,23.0,23.0,1.5,81.03444765498786,1.5969977784509388,0.4681254781554763,0.9797800338409476,69.1817906736315,1.460283469229156,2022.9259770137223,-2.1967471896702566,0.39043245443232943,-0.680335600796383
AB2,Zr1V0.5Fe1.5,1.6,32.2,50.0,0.25,88.11825637472482,0.0915169782434661,-2.3912307693403814,1.0778931152406763,71.32181956764927,1.461907229416012,2002.5229775182108,-1.9863323673689854,0.34299053752608305,-0.48668599833765486
AB2,Zr1Al0.4Fe1.6,1.0,36.0,24.0,10.0,140.29499244596423,10.500875281684012,2.3514586138495948,0.639224972743306,71.0820943905206,1.46304433805021,1912.6214917384618,-1.703007515742538,0.16763954924771146,-0.52623518209672
AB2,ZrCrFe,1.7,49.4,50.0,0.1,133.72612555083708,0.0214009528751074,-3.8443198310714446,1.1384363208943575,71.05251807680001,1.4687393219605045,2052.6524488722534,-2.2396310708511598,0.4071559705348906,-0.6973652469692713
AB2,ZrMnFe,1.6,31.0,150.0,10.0,92.40413183425557,0.2486653192057567,-1.391647386204773,1.086199536499333,71.57508288595591,1.4677382316047445,1874.7408406226625,-2.1832280820135286,0.3694327899865073,-0.8098733824416419
AB2,ZrFeMo,1.2,29.8,30.0,0.6,94.0540855801756,0.492084862510974,-0.7091040925852156,0.976033834586466,84.95556049775935,1.476049035220918,2358.3579497055666,-2.206087747759507,0.3922717192802875,-0.7705282905190206
AB2,ZrVFe,1.6,48.1,50.0,0.0012,92.93095923254762,0.0002674450339042,-8.226596493474071,1.0647099625758163,70.88269876218685,1.456242093222329,2052.7459983182707,-1.7968579530920261,0.3341477448098668,-0.26287725011290775
AB2,Zr1Mn1.11Fe1.22,1.3,29.4,30.0,2.0,102.74462810114562,1.6446542301702736,0.4975301676980253,0.8645839141808622,70.24167051114374,1.4621032964639307,1861.4297178003512,-2.1496244909378137,0.3640893933277829,-0.7848164551659623
AB2,Zr1Mn1.22Fe1.11,1.5,13.0,23.0,1.0,43.896673982779,1.0360513734668595,0.0354167308963071,0.9991697866285428,70.22330564095172,1.462131428686689,1853.440215781095,-2.1498791433686795,0.3658700939438662,-0.7941007714217575
AB2,Zr1Mn1.22Fe1.14,1.2,31.0,40.0,2.0,104.75702815761798,1.0986902644747123,0.0941188017358743,0.7958014416335025,70.1147548401685,1.4616623597639546,1853.1198081111306,-2.145141263492896,0.3654111968998196,-0.7888188215169992
AB2,Zr1Mn1.2Fe0.4,1.5,33.0,50.0,0.4,94.50157179099698,0.1428165264580558,-1.9461945042740365,1.042931367490378,73.4931346983143,1.4762369984511579,1864.8628524945786,-2.2206610690934934,0.38583648802710513,-0.8663616341884081
AB2,Zr1Mn1.53Fe1.27,1.0,9.0,23.0,4.0,41.91587680415503,4.099289378437095,1.410813636355795,0.6492513872275386,68.6441446498582,1.4555786713982575,1828.7654147435069,-2.11578811699972,0.36155699501475574,-0.7801236704093908
AB2,Zr1Mn1.8,1.6,38.8,50.0,0.1,100.92402126490174,0.0297923909389378,-3.513502255694513,1.0952593018914885,72.34957916918482,1.4719763369980954,1811.223928212267,-2.207996784912959,0.39010956502410743,-0.9127727581995307
AB2,ZrMn2,1.7,37.4,50.0,0.01,77.44760929446385,0.0031122963116446,-5.772394461374624,1.150074255060903,71.39825622576325,1.4680437288715282,1795.2575392184058,-2.1883290395890524,0.3872089328263216,-0.906530023091389
AB2,Zr1Mn2.5,1.4,32.0,50.0,0.07,76.9157097164375,0.0257851997667297,-3.657954604108421,0.9198988719050838,69.42009781420079,1.4598663566145667,1762.0574078551404,-2.1513138917333,0.3812309853351437,-0.8967665481045988
AB2,Zr1Mn2.6Fe0.2,1.4,15.0,100.0,0.12,22.57010350904001,0.0355614117897666,-3.336494167500038,0.9090420751633986,68.47739085649796,1.455798609607574,1758.8413906294259,-2.128456424010433,0.37593663368237507,-0.871579441771881
AB2,Zr1Mn2.7,1.3,33.6,100.0,3.0,99.17825539017858,0.1967651633671726,-1.6257443254437691,0.846003781544245,68.75585790958269,1.4571205012087294,1750.9092349074415,-2.1354208369393373,0.379588255119832,-0.8890388344810818
AB2,Zr1Mn2.8,1.92,29.9,23.0,0.3,90.95232883354998,0.3254604522221802,-1.1225143232644297,1.0920713776591175,68.44607541704144,1.455839912785986,1745.7100459111034,-2.1279184820111663,0.37884568329138085,-0.8852651246363448
AB2,Zr1Mn2.8Fe0.4,1.2,23.0,100.0,0.12,44.00920306685858,0.0185896462924656,-3.985150504193342,0.7671092968226428,67.39336449157011,1.4511749707614605,1751.164457198885,-2.099913703300219,0.3711585171366831,-0.8442214880821279
AB2,Zr1Mn2Co0.8,2.0,20.9,23.0,4.0,82.09821683454504,4.23436580898342,1.443233566945492,1.1482319591093473,69.03091424312927,1.4456250764411132,1790.0808364516636,-1.7247095238018295,0.2902089901945756,-0.47508991413442114
AB2,Zr1Mn2Cu0.8,1.48,31.6,23.0,0.06,83.31154041900052,0.0653942583593902,-2.72732081704286,0.8775557131184692,69.81379759686662,1.4442244087398237,1706.979611624165,-1.6152245904632279,0.14172527638408455,-1.021990607102831
AB2,Zr1Mn2Fe0.8,1.9,25.0,23.0,0.5,78.65374486653637,0.5352410447161273,-0.6250380826824319,1.136686784484826,68.57105983272844,1.4556750658699142,1798.119128309023,-2.1022261365035395,0.3693296820026338,-0.7978584504245603
AB2,Zr1Mn2Fe1.2,0.7,6.8,25.0,3.0,31.941349003168167,3.0000000000000004,1.0986122886681098,0.4464353816663736,67.51078461726517,1.4510364822676793,1799.1923017175263,-2.0757843077296783,0.3626161095309049,-0.7641023084697539
AB2,Zr1Mn2Ni0.8,1.7399999999999998,25.0,23.0,1.6,88.32436564023956,1.7127713430916074,0.538112727123249,1.0154900294527422,68.99333222239089,1.4456990291782692,1782.5262443812314,-1.5053087027532406,0.16977523837662598,-0.9452495449659097
AB2,ZrMn3,1.3,29.2,50.0,0.6,86.11342823606664,0.2411986487568453,-1.422134416313765,0.8363928880506104,67.86639240777971,1.4534436012822856,1735.9810212060793,-2.1020893600149524,0.3783818433511196,-0.8642654859916841
AB2,Zr1Mn3.8,1.2,17.0,30.0,0.7,53.11239705432372,0.6251355191411884,-0.4697868221241967,0.7530559446492835,65.97229856467997,1.4456137377313618,1704.1917751893288,-2.0694110627921605,0.3731732246832895,-0.8553821959745573
AB2,Zr1Mn1Fe0.7Co0.3,1.2,17.6,30.0,4.0,69.58293919750814,3.557970503429936,1.269190298998469,0.8150725511695907,71.77231936861739,1.4630728876910166,1870.7035996301124,-1.9506558239024945,0.33590533842184617,-0.5940885371869344
AB2,ErFe2,1.5,57.9,80.0,0.001,106.5208187557202,2.6312347942997414e-05,-10.545472225426831,1.4047467971960357,122.6493055397223,1.609861480055494,1805.6035619414301,-1.3560563310925324,0.09163096890791246,0.09190964444915509
AB2,GdCo2,1.5,48.0,200.0,2.0,107.21067971402388,0.0015511834166558,-6.468737144748082,1.3854463278543228,115.12874767590563,1.6072093214802652,1663.4015425980256,0.0911580819797506,-0.24529548428531234,1.5719600684469612
AB2,GdRh2,0.9,49.0,142.0,6.0,132.92660096227476,0.0228427848457927,-3.7791199731772287,1.0903518571909083,126.44334246999816,1.5449052638537326,1954.60392881637,0.5795486805426887,-0.5345114115530213,2.0068103765493457
AB2,GdRu2,1.0,60.0,225.0,3.0,129.57968614827402,0.0001806068381686,-8.61918805408434,1.2004636310191863,125.65138790728736,1.5187734772809485,2159.827012437742,-0.09280993540713028,-0.352429979436522,1.7324515755270002
AB2,Ho0.6Zr0.4Co2,1.0,33.0,50.0,0.2,88.73863592141988,0.0714082632290278,-2.6393416848339823,0.8461405790711346,104.99284437772808,1.535071346696254,1806.5753272669115,-0.4551041937806748,-0.02188861783559985,1.1223425267180616
AB2,Ho0.8Zr0.2Co2,1.2,25.0,50.0,0.2,63.98233079995926,0.0916601060379486,-2.3896680430400714,1.0766316673092988,113.30571864321672,1.5605036970597495,1775.767136713947,-0.309675246909237,-0.06520393206358656,1.3578071126839772
AB2,LaRh2,1.4,44.3,244.0,2.0,91.42473612095483,0.001033502871643,-6.874801400285063,1.618569557133198,117.41189347993992,1.5917734261435204,1816.3142385102751,2.2698091587652502,-1.3282839603740146,-0.5836891409221598
AB2,LiPd2,0.8,51.0,300.0,0.16,73.74556822996999,8.260359420329732e-06,-11.704042458020956,0.5861201783580814,103.27831014054902,1.4015790718942949,1784.645735027141,-0.08409711570227568,0.08136332314618436,1.88143534449559
AB2,YMgNi4,1.05,35.8,40.0,4.0,125.84808154276269,2.002733907859158,0.6945132010585429,0.6105504498624444,64.01045794851609,1.4754463597439484,1689.91436240901,1.3126673874609782,1.4205785020951636,-0.9569450190258141
AB2,PrCo2,1.5,67.0,100.0,0.001,122.1202830741837,4.372165653240304e-06,-12.340252098788564,1.3031486181613083,103.56992832178432,1.622260018817962,1463.0687789238827,0.4692475943764704,-0.3770093823542117,2.2509006327684604
AB2,Zr0.02Ti0.98Mn1.5V0.43Cr0.05Fe0.09,1.9,27.4,20.0,9.0,111.73558259633556,10.867245898402093,2.385753301817904,1.005600858987902,52.72153370028945,1.3948866590134934,1759.476883770114,-1.903675060728466,0.37921697931200243,-0.4812466653099017
AB2,Zr0.15Ti0.9Mn1.6V0.2Cr0.2,2.1,15.4,25.0,7.0,67.83045947303974,7.000000000000003,1.9459101490553137,1.1529851750140938,55.667764508024135,1.4093379945374673,1761.974630693776,-2.0152362292422668,0.3965309738832199,-0.6045990694609779
AB2,Zr0.2Ti0.9Mn1.4V0.2Cr0.4Fe0.2,2.1,25.5,25.0,3.0,94.66145633169408,3.0000000000000004,1.0986122886681098,1.163280551944367,56.41054970973656,1.4123468836450823,1813.1621536264965,-2.0193837223885933,0.398978517242871,-0.5751226485778229
AB2,Zr0.2Ti0.9Mn1.4V0.2Cr0.4,2.1,26.7,25.0,1.9,94.88871407037534,1.8999999999999984,0.641853886172394,1.1616603443825717,56.44787646915975,1.4131617884138619,1813.304857595507,-2.0307536608191836,0.4055304405304993,-0.5822147599870344
AB2,Zr0.2Ti0.9Mn1.6V0.2Cr0.2Fe0.2,2.1,30.0,25.0,7.0,116.79909941937548,6.9999999999999964,1.9459101490553128,1.1670748083490678,56.57480608271898,1.4123067429085905,1774.2248723594764,-2.0049098284325555,0.3924409991351762,-0.5906295909737188
AB2,Zr0.2Ti0.9Mn1.6V0.2Fe0.2Ni0.2,2.0,23.2,25.0,3.6,88.46306894424133,3.6000000000000028,1.2809338454620651,1.1185835026651356,56.97236911404526,1.4089971118782227,1748.1042447812317,-1.8175279935169686,0.3252346717761261,-0.6308283989388682
AB2,Zr0.2Ti0.9Mn1.6V0.2Ni0.2,2.1,31.7,25.0,2.7,114.5803741472122,2.700000000000002,0.993251773010284,1.1748942304524037,57.04593831333531,1.4095842401830148,1743.9998300934944,-1.8163240803026912,0.3269947308861052,-0.6420412675125654
AB2,Zr0.2Ti0.9Mn1.8V0.2Fe0.2,2.0,29.1,25.0,3.0,106.735915496544,3.0000000000000004,1.0986122886681098,1.1139755241923612,56.73799789466046,1.4122668623279961,1735.5399472837278,-1.9881155916844602,0.3860801641230883,-0.6034145381401209
AB2,Zr0.2Ti0.9Mn1.8V0.2,2.1,26.0,25.0,3.0,96.33846454903434,3.0000000000000004,1.0986122886681098,1.1697384386635477,56.79652948731032,1.4130708944462882,1730.593914271404,-1.998216729034803,0.3917429410495675,-0.6132099957241565
AB2,Zr0.3Ti0.9Mn1.3V0.2Cr0.2Cu0.05Mo0.05,2.0,15.2,20.0,0.06,28.459444404507384,0.0666150041717367,-2.7088254389453787,1.1501780214069752,59.8735186683312,1.4215729410980904,1839.2429802135791,-1.996454504230166,0.38752570825497284,-0.5967795691879304
AB2,Zr0.1Ti0.9Mn1V0.1Cr0.9,1.7,22.5,30.0,24.0,100.6435276863539,20.663046935398054,3.0283469327495385,0.9094869208421472,54.11028736268645,1.4070027215068268,1884.0249520872874,-2.060370415488771,0.42686053635545196,-0.5480542052662782
AB2,Ti1.2Mn0.1Cr1.9,1.8,20.1,-10.0,19.4,101.0360432184616,57.03937805113844,4.0437418723148,0.9190359194291898,50.62950712561859,1.4000000000000001,2072.660579663564,-2.159349201719447,0.47016020272147274,-0.4770857542794605
AB2,Ti1.2Mn1Cr1,2.0,25.5,-10.0,5.7,111.37341959895838,22.39130848118285,3.108672869331085,1.0399871499939262,51.53646405793564,1.4,1875.5592890310359,-2.111396626326436,0.43835887586746297,-0.5715891818296654
AB2,Ti1Cr1.8,1.9,19.7,-32.0,20.0,106.59888745640713,130.8676826935899,4.874186756976944,0.9707326172908852,50.59890179807745,1.4,2099.1275652661625,-2.153211235381709,0.47360461937021103,-0.4584578205017564
AB2,TiCr2,1.8,29.7,-40.0,2.0,133.14873900060863,56.45335214351638,4.033414671357247,0.9204926777228204,50.69458102913752,1.4,2104.6656573984324,-2.14213418749579,0.4731652201203527,-0.4525610005183742
AB2,TiMnCr,1.86,24.0,0.0,18.0,111.89482145706435,43.66298285551212,3.776500668886852,0.9887792607087853,51.76339550093137,1.4,1871.512225281021,-2.085731198658157,0.43544203957196886,-0.5650691359907452
AB2,Ti1Mn0.85V0.15Cr1Fe0.3,1.6,20.9,20.0,6.0,86.1915322163548,6.927951884951252,1.935564226223208,0.835665810495587,51.9736232371807,1.3977651376961262,1896.497176880383,-2.0032921780003345,0.4186695879299084,-0.47236720520662306
AB2,Ti1Mn1.3Fe0.11,1.7,32.7,24.0,6.0,124.9424047171196,6.27236149268651,1.8361529173385125,0.892929565715698,52.283975784663234,1.4,1694.3465607708738,-2.0667026434391964,0.40706914435168395,-0.6409371260705519
AB2,Ti1Mn1.4Ni0.1,1.58,28.0,0.0,2.0,108.27071547785094,5.623556221337437,1.726964243382416,0.8860811875174335,52.51608390380517,1.397753785750118,1683.0002385617659,-1.9443721604322788,0.36745242524810334,-0.6724768785988819
AB2,Ti1Mn1.5,1.9,27.9,0.0,1.8,107.02863218546308,5.042548070797965,1.617911523928795,1.0012488400643982,52.33990925809573,1.4,1674.0567537165443,-2.057702484916282,0.4075539116065042,-0.6552547689451469
AB2,TiMn2,1.7,24.6,0.0,20.0,114.96740081388567,49.60116926377468,3.904014407319448,0.90211927166594,52.792342700045054,1.4,1647.0555236999603,-2.0200468386522954,0.398425591406011,-0.6666892905451395
AB2,Zr0.79Ti0.21Mn1Fe1.02,1.5,33.0,30.0,1.5,112.22810286217714,1.2042957926000797,0.1858949916304983,0.9705809419357214,68.3161267481803,1.4557164267051714,1852.8004799788268,-2.0421697968015606,0.37919213788225603,-0.6359061881227351
AB2,Zr0.7Ti0.3Cr0.6Fe1.4,1.5,22.0,23.0,7.0,90.4652854267394,7.432380183843748,2.005846155187524,0.9447141648537586,66.63697499064487,1.451058873047176,1990.2206419955571,-2.0578090635702235,0.3964486611514124,-0.5065418445777126
AB2,Zr0.7Ti0.3Cr1Fe1,1.7,30.0,23.0,0.8,99.44476591788516,0.8681310175268138,-0.1414126338611939,1.0640498258758684,66.29602634721432,1.4514813660256483,2032.952184265122,-2.087515396278012,0.41825968769635746,-0.5061896361535505
AB2,Zr0.7Ti0.3Mn2Fe0.8,0.8,14.0,25.0,2.6,54.90050416580529,2.600000000000001,0.9555114450274368,0.4900713435133533,64.63041501681151,1.4411503267681833,1768.1489325962189,-1.9937365284323976,0.3772123590204969,-0.660540312770147
AB2,Zr0.7Ti0.3Mn1Fe1,1.7,10.0,23.0,2.0,39.52960816402248,2.0552362805549915,0.7203908197109502,1.080874558297943,66.92859325076537,1.4506800147481527,1843.1032339982958,-2.028792064648324,0.3807131902435804,-0.6159757763964271
AB2,Zr0.8Ti0.2Cr0.6Fe1.4,1.6,27.0,23.0,3.0,100.30405244234308,3.228992323383511,1.172170114375824,1.0320324127844454,68.27368410626696,1.457034825543004,1997.9966932255516,-2.055146404210616,0.39681113329653706,-0.5076611579045864
AB2,Zr0.8Ti0.2Mn1Fe1,1.4,30.0,30.0,1.6,102.86859534450215,1.3104812451316956,0.2703944324478571,0.9077813697318006,68.54689052306948,1.4566211160906208,1854.1221012555654,-2.030770090872831,0.3807222961974925,-0.6225390801822891
AB2,Zr0.9Ti0.1Cr0.55Fe1.45,1.6,1.03,10.0,2.0,9.400583759388148,2.044512027736068,0.7151591437771643,1.0563804200542006,69.87530752880191,1.4626852892556683,2000.3556991257396,-2.0531210959976436,0.39411594631928193,-0.5139282383397822
AB2,Zr1V0.5Co1.5,1.5,34.3,50.0,1.5,109.51375958602588,0.5142680604510185,-0.665010631083228,1.032826436729514,72.30333101860592,1.4389579984801402,1979.6633661766014,-0.9278865024564087,0.1674025404004908,0.46974844260864673
AB2,ZrCrCo,1.6,40.2,50.0,0.7,121.43498104011694,0.1996309246572472,-1.6112849939531335,1.0869859282918226,71.7204934211833,1.4531128629389891,2036.425173084614,-1.4860467432069207,0.29374875642702797,-0.0034877182621901514
AB2,ZrVCo,1.8,49.4,50.0,0.0023,102.36294728310553,0.0004922219161274,-7.616580894124432,1.2189572725729805,71.55678494660557,1.4407256011780682,2036.4321869915661,-1.047914311031901,0.22038716451079138,0.4255562881351847
AB2,Zr1Cr1.2Fe0.8,1.4,50.2,70.0,0.75,143.89987467327455,0.0526872109449353,-2.9433825294522347,0.9310688528284876,70.90970525301354,1.469006167165216,2072.942042202509,-2.1025017843252867,0.42963422656958206,-0.5188984552253195
AB2,Zr1Cr1.2Ni0.8,2.0,56.4,70.0,0.25,152.8337377610644,0.0126513709361717,-4.369989695279763,1.3536202893855955,71.4053704911164,1.4565171046063587,2050.5356812875684,-1.3499642271893952,0.17659435056337605,-0.7097675676629195
AB2,ZrCr2,1.8,42.0,27.0,0.003,91.63189650730249,0.002679724218239,-5.922041393396471,1.1833006012995833,70.32719111641349,1.4700945925594289,2155.7005412460644,-2.1619144497408667,0.473256279659472,-0.5181940383769946
AB2,Zr1Cr2Co0.8,1.0,45.3,100.0,2.0,127.16183711572477,0.0507994716030839,-2.979869325965892,0.6391261086217226,68.11072978864138,1.4467327257163225,2080.281588347675,-1.6871250074736879,0.359415084225909,-0.1488818553367047
AB2,ZrMo2,1.0,22.0,-78.0,0.4,105.11560768201012,43.29076189491877,3.767939261089238,0.9456469456469456,94.42037334689726,1.4822227873855545,2648.528992878942,-2.099468489141676,0.44313441095905276,-0.6699641159354816
AB2,ZrCrMo,1.3,27.6,25.0,0.2,79.18973089257744,0.1999999999999999,-1.6094379124341007,1.0416771535249243,84.58725427531598,1.4772729230335662,2447.3915590435026,-2.126050783857156,0.45854871150047516,-0.5886350866972494
AB5,CaNi4B,1.2,55.7,27.0,0.01,147.28576257843872,0.0086094488709562,-4.7548949729331405,0.5736749726881306,54.269563531382815,1.3942115978780563,1665.4990530787018,1.7428432347440006,-1.413452383131811,-3.2152593012662676
AB5,CaNi5,1.7,37.7,25.0,0.5,120.68348371787891,0.5000000000000004,-0.6931471805599444,0.953757696986334,56.456616354015196,1.404070964937265,1654.3433299854591,1.5793877206843325,-0.9739463762072558,-1.6773285633457766
AB5,La0.5Ce0.5Cu2.5Ni2.5,1.1,22.9,23.0,2.2,83.88103941306876,2.3416253775191214,0.8508452940200717,0.8185613148402267,85.7567801864647,1.5223186916128577,1408.5007153468744,1.3997925238497735,-1.0027982209118254,-1.1268960961378283
AB5,La0.4Ce0.6Ni5,1.5,22.3,25.0,28.0,102.49904461148958,28.0,3.332204510175204,1.0905114112480865,84.78888638628183,1.5240298400465624,1531.2511081975135,1.5620376163046605,-0.9320799221387507,-0.8401973204095926
AB5,La0.2Ce0.8Cu0.3Ni4.7,1.5,21.0,23.0,18.0,94.94102218259351,19.059838026658632,2.9475834001132752,1.0947865653452582,85.02243137102789,1.5172392194978017,1507.4322502936168,1.4522260278009085,-0.9062889747492999,-0.557251355780855
AB5,La0.2Ce0.8Ni5,1.5,23.8,23.0,30.0,108.64277588230286,32.00964433437732,3.4660372428415465,1.091121016638466,84.89740343265221,1.517801048566628,1522.9786541724354,1.4789981496847469,-0.899576312386085,-0.5382427798948565
AB5,Ce0.2Pr0.8Co5,0.6,39.0,20.0,0.23,120.81857431975452,0.3007932386234149,-1.2013321651397544,0.4345670201766152,85.3807368401198,1.5116265225593422,1577.9679360138234,0.38405519184817394,-0.2517951760004858,1.782515202025708
AB5,Ce0.4Pr0.6Co5,0.6,38.5,20.0,1.0,131.33208255159477,1.303305200403338,0.2649034997279143,0.4344089986346651,85.30956935761758,1.511503435102986,1569.088879990697,0.43084061613561025,-0.28560344118039305,1.7558925372234468
AB5,Ce0.6Pr0.4Co5,0.6,38.5,20.0,1.26,133.253582146448,1.6421645525082085,0.4960152206913026,0.434250977092715,85.23835008020453,1.5113802580649331,1560.2033618882765,0.4776260404230471,-0.31941170636030114,1.7292698724211852
AB5,La0.7Ce0.7Ni5,1.4,25.0,20.0,11.0,105.21705564884518,13.06465552477356,2.5699105323619533,1.075785891808232,90.98868107964876,1.5696907640399358,1489.1334222866856,1.778941665772959,-1.0426092835592313,-0.9551330490474531
AB5,Ce0.8Pr0.2Co5,0.6,37.0,20.0,1.42,129.13066515150214,1.8316907652938488,0.6052394557672682,0.4340929555507649,85.1670789513164,1.511256991347353,1551.311374649448,0.5267318075025411,-0.3530432884446019,1.705369202848417
AB5,CeCo5,0.6,39.0,20.0,1.45,136.1269325000889,1.8963052000171792,0.6399073613516694,0.4339349340088148,85.09575591430655,1.511133634852273,1542.4129112068183,0.5735172317899774,-0.3868515536245099,1.6787465380461544
AB5,Ce1Mn0.75Ni4.25,1.4,24.7,23.0,1.1,84.19610455649183,1.1765682852439587,0.1626019685073058,1.0113028786107354,84.81863385557912,1.5174182635094577,1493.3297032913601,1.0461520617874327,-0.7414242769591535,-0.17736540565689846
AB5,Ce1Al0.5Ni4.5,1.4,21.6,23.0,9.0,91.20408665068317,9.545509532616563,2.256070837902392,0.9806904752178648,84.98040034637432,1.5144828121508573,1480.9597947653785,1.4622361160541457,-0.9026661040706055,-0.05450430117674204
AB5,Ce1Mn0.5Ni4.5,1.2,25.4,23.0,7.0,101.94595400685084,7.501544948777111,2.0151089924988663,0.8669617202059636,84.8812936890094,1.515463447870741,1500.4892870587669,1.1712621924507771,-0.7826592475000191,-0.1870257010564939
AB5,CeNi5,1.5,22.2,23.0,80.0,111.39487867658232,84.98778273149166,4.442507513589114,1.0917306220288456,85.00579929056259,1.5115792132071597,1514.715438566549,1.4145214254012939,-0.865659237868569,-0.2145122775441676
AB5,Dy1Ga0.75Ni4.25,0.8,30.1,20.0,6.0,117.57478311180084,7.380680490472258,1.9988658417426064,0.6190252176139273,96.27173267979094,1.4843819899310529,1550.6751154307951,1.54459459818164,-1.170680853934763,-1.8402476422629603
AB5,Dy1Al0.5Ni4.5,1.0,27.3,20.0,20.0,118.03338025307202,24.13282475943464,3.183572936997422,0.73504734731575,96.04932272179877,1.4946246811543218,1685.922392269335,0.982240250804027,-0.6615636083195267,-0.6264643982739395
AB5,DyAlNi4,0.8,35.4,20.0,0.6,116.5102060317342,0.7654801337418554,-0.2672520162239592,0.5657097235556409,96.43705053160971,1.4968499505877286,1659.084766679929,1.03691596983305,-0.6980404252347455,-0.45829043621803145
AB5,Er1Al1.5Ni3.5,0.7,39.8,115.0,2.5,110.15586556747688,0.0604138896551311,-2.806536239300719,0.4815633134487709,99.53761209373985,1.502136319715119,1680.1265790741002,1.0614154865858418,-0.6945879468064274,-0.10812177759564476
AB5,Er1Al0.5Ni4.5,0.8,25.4,0.0,25.0,119.7514454824302,63.86015337360045,4.156695589000013,0.5931980570756529,98.54943327299192,1.4973565600247047,1731.7277065429023,0.9590250769039687,-0.6211042636891719,-0.4363037160189793
AB5,ErAlNi4,0.9,32.4,0.0,2.1,124.78473002740616,6.946315496186141,1.9382113745668057,0.6442118029527653,99.02526163612848,1.499658112316581,1706.8807056722537,1.0137007959329913,-0.65758108060439,-0.26812975396307026
AB5,EuNi5,1.2,26.0,25.0,1.3,89.38576551239456,1.2999999999999994,0.2623642644674905,0.8945259784075574,90.51375704385191,1.5205808531512175,1513.4092867357683,1.4643497848919615,-0.9317927645544204,-1.6130930709478142
AB5,Gd1Al0.5Ni4.5,0.9,32.7,20.0,7.0,127.72559597472969,8.76622359342541,2.1709061085644787,0.6529916109569459,93.3486244100344,1.5096220677600214,1651.6409665611586,1.0833507514676946,-0.6644108503200963,-0.20914334996579237
AB5,GdAlNi4,0.9,41.5,20.0,0.2,128.18462861724373,0.2660974772349265,-1.323892581558554,0.6291821912089761,93.63901089747468,1.5124427479992724,1623.1698014715994,1.1380264704967178,-0.7008876672353157,-0.0409693879098839
AB5,Ho1Al0.5Ni4.5,0.9,24.1,0.0,22.0,113.92932873866395,53.56326979436215,3.980863568144799,0.6645244541648647,97.32000582376725,1.4960271347098608,1706.0150755450954,0.954488389062892,-0.5961110728710309,-0.1998485324790758
AB5,HoAlNi4,0.9,35.9,60.0,4.0,119.28513933633263,0.8735436685088609,-0.1351971580887964,0.6407150344168949,97.7527446836823,1.4982918455848218,1680.076970209038,1.0091641080919136,-0.6325878897862487,-0.0316745704231662
AB5,LaFeCuNi3,1.1,37.2,22.0,0.33,116.82001065830433,0.3843782982703401,-0.9561280595922448,0.7988239968355615,84.6874058581482,1.5482968652529152,1513.426028911728,1.33037461065529,-0.8878165066486197,-1.5976952449653845
AB5,La1Al0.75Ni4.25,1.13,44.1,40.0,0.054,116.55995156332943,0.023030464176958,-3.7709374100353297,0.7721262979397014,84.39203633772678,1.5490257970722188,1506.7685128489297,1.9616197070736292,-1.079093825449186,-1.4135011395998551
AB5,La1Co0.5Ni4.25Sn0.25,1.4,42.5,25.0,0.5,136.78276260434544,0.4999999999999995,-0.6931471805599462,1.050579683861092,87.58771172449384,1.5428753155045503,1483.4640839188205,2.738792673252345,-1.6087645211331814,-2.5030491040128764
AB5,La1Ni4.4B0.6,0.62,33.5,25.0,0.3,102.34952923495604,0.3000000000000001,-1.2039728043259357,0.4163689853946319,85.52726185854094,1.5484426239194569,1553.870279860896,1.987192842413332,-1.2873578035391056,-2.5773603449950873
AB5,La1Zn0.6Ni4.4,1.4,34.8,20.0,0.3,108.70053640810626,0.3811632328179493,-0.9645275630134316,1.0245328816392456,84.82860592079757,1.5409783054759418,1464.6051971459424,2.0178252535010435,-1.0500802428758382,-1.452736360596793
AB5,La1Al0.5Ni4.5,1.4,44.4,25.0,0.3,138.9083083729738,0.2999999999999997,-1.203972804325937,0.9778485352809706,84.41645506717225,1.5468570208707675,1523.8466486712955,1.9447233901233767,-1.0600603430613476,-1.4853391420950859
AB5,La1Mn0.3Al0.3Ni4.5,1.3,39.3,35.0,0.2,114.15416854965412,0.1195610368932282,-2.123928269027658,0.9159572401867,84.00506894521907,1.544942904163534,1531.110358906813,1.77145129086128,-0.9894456397007135,-1.5213364002056688
AB5,La1Si0.5Ni4.5,1.0,36.5,25.0,0.5,116.65866399626226,0.5000000000000004,-0.6931471805599444,0.6965630511463845,84.3776117820302,1.5414136183186398,1548.4367493379746,2.381059964003717,0.8675327420357876,-1.867033759595335
AB5,La1Mn0.2Al0.15Ni4.65,1.5,38.8,20.0,0.6,128.10836397135552,0.7835989436988505,-0.2438579409233152,1.0748142267695997,84.39777365869845,1.545584116135164,1540.9934426286015,1.81866009907029,-1.0006021743812896,-1.5809061044982264
AB5,La1Al0.4Ni4.6,1.38,36.4,48.0,0.64,109.63217283167,0.2235925932600667,-1.4979296632048154,0.9710208903825168,84.42596424577056,1.5460124527581893,1530.4972421849077,1.9435336860442127,-1.0520229106767582,-1.5075415545423922
AB5,La1Mn0.1Cu0.3Ni4.6,1.4,32.0,35.0,1.0,103.8455297744605,0.6577545473633537,-0.4189234455723626,1.0176092951787998,84.5642106272681,1.5429114051608968,1537.6202434452625,1.831330170723226,-1.0124240721472693,-1.6474259990870996
AB5,La1Ga0.4Ni4.6,1.2399999999999998,35.0,20.0,0.3,109.38278099278986,0.3816881210296787,-0.963151440936924,0.92695276624196,84.90657144689311,1.5376185112968004,1466.8664293412921,2.2353727727222945,-1.3133302444931276,-2.192117421242196
AB5,La1Ni4.6Ge0.4,1.2,34.3,30.0,0.78,111.07956035693276,0.6208404169325338,-0.4766812076374082,0.8795046711329607,85.05964826141643,1.5336681770255132,1524.0394345158754,4.183152703160294,5.182172218943845,-3.4000091968975608
AB5,La1In0.4Ni4.6,1.2,39.8,20.0,0.05,110.85967790827884,0.0657507645188483,-2.721883980328771,0.9133858484351906,88.85801750115753,1.5534392771981653,1433.5126564701718,3.2223926470170365,-1.9657224049191926,-3.701214200357418
AB5,La1Mn0.4Ni4.6,1.49,39.4,25.0,0.15,116.37529032999409,0.1499999999999999,-1.8971199848858813,1.0775582446978498,84.36091484040577,1.5459801764302505,1544.8654421429546,1.720499986888161,-0.9552753564187416,-1.6021262944823187
AB5,La1Si0.4Ni4.6,1.0,35.6,30.0,0.67,114.103979557958,0.5286931105252956,-0.6373471467972733,0.7016750006680562,84.39510601247244,1.5416903440990581,1550.0190144553349,2.3028124534335377,0.490828963021619,-1.8009204695328154
AB5,La1Ni4.6Sn0.4,1.26,38.5,20.0,0.08,110.33277301196148,0.104264416032267,-2.2608251445803407,0.9629226377354668,89.35151561230947,1.543023037360321,1437.9263379298848,3.416384536577311,-2.033909841732433,-3.2760598638830234
AB5,La1Al0.25Ni4.75,1.2,33.7,35.0,1.2,110.8781739560412,0.7719332496925363,-0.2588571968244381,0.8523803592514941,84.43996158859616,1.5447692634238939,1540.2867982902403,1.9463898155095845,-1.039613395908659,-1.5354011827543625
AB5,La1Al0.3Ni4.7,1.44,34.0,25.0,0.42,106.82402112665068,0.4199999999999999,-0.8675005677047233,1.0215167738771642,84.43533079819002,1.545180552145903,1537.048084838857,1.9539456959253385,-1.0431020628141359,-1.5161339908422278
AB5,La1Mn0.3Ni4.7,1.4,36.2,20.0,0.9,122.61028574823212,1.1545579924276814,0.1437175801902413,1.0124283099973703,84.38640406617955,1.5451725449419877,1547.6874487318996,1.7802894788801416,-0.9710272756335412,-1.5945580326782793
AB5,La1Si0.3Ni4.7,1.1,33.8,25.0,1.0,113.36575549220191,1.0,0.0,0.7782517580956659,84.4123471832822,1.5419630669526536,1551.5783916022613,2.2176039144871877,0.11359513472063092,-1.7429731651587812
AB5,La1In0.15Ni4.85,1.2400000000000002,31.8,30.0,0.78,102.83281782023477,0.6312539077578454,-0.4600471079042507,0.9149721116022957,86.16335296240264,1.5468910220431824,1508.681180799996,2.421291707607144,-1.3744782985083919,-2.384313830226546
AB5,La1Ni4.8Sn0.2,1.4,32.8,25.0,0.47,103.73436124324292,0.47,-0.7550225842780328,1.0432532069341145,86.97308958485094,1.5428941313387037,1495.4288396989405,2.681060217340522,-1.526626486792005,-2.4321225412630785
AB5,La1In0.07Ni4.93,1.338,35.2,30.0,1.37,118.73152146264556,1.083940070093133,0.0806026155971894,0.9588934778071307,85.26445572523603,1.5447066282596817,1533.7562051194213,2.1636400150324246,-1.185379126990475,-1.9644300291131829
AB5,La1Ni4.95Sn0.05,1.3,32.0,100.0,14.0,107.69794047981097,1.0454338668516792,0.0444319828420398,0.948148164900318,85.10320467181357,1.5427927872471738,1540.6364935332506,2.1237661209327863,-1.1466056783256993,-1.805974537371856
AB5,La1Al0.1Ni4.9,1.4,33.0,35.0,1.5,110.46180395767584,0.97379964952477,-0.0265496951383352,1.0076282864266397,84.4536486701441,1.5435536302848,1549.859361768998,1.949245944974955,-1.0272038811405604,-1.563260810966334
AB5,La1Mn0.1Ni4.9,1.4,29.0,35.0,1.5,97.4811127358683,1.026151847754291,0.0258157355582112,1.0141915861411614,84.43724957082328,1.5435614944161138,1553.3167428656834,1.8929074344879269,-1.0030611633499584,-1.5875874947586894
AB5,La1Ni4.9Sn0.1,1.3,32.0,35.0,2.1,110.01411482657836,1.381284549463043,0.3230138991570149,0.9546833186584328,85.73503300335013,1.5428270311024057,1525.3609670579788,2.3180387433062437,-1.2726314431305787,-2.004709889494119
AB5,La1Al0.5Cu0.5Ni4,1.4,40.0,22.0,0.09,115.50426701936418,0.106040949075376,-2.243929947437502,0.9835447170103672,84.63550597980718,1.545716926936863,1496.9504245169492,1.9573383091877317,-1.0668899306417499,-1.4498775529108927
AB5,LaCrNi4,0.54,34.0,25.0,0.04,87.27431336992765,0.0399999999999999,-3.218875824868201,0.3821306214271351,84.04996895959636,1.551898285493138,1608.6315405946746,1.4391371375560866,-0.8338631700056639,-1.4674310146283709
AB5,LaCuNi4,1.0,33.9,60.0,4.0,113.28183752033384,0.9508163007857522,-0.0504343993585076,0.7302273228314895,84.88187680125684,1.540618717266144,1504.222662552264,1.8688706533819122,-1.0407763632190614,-1.637029830372493
AB5,LaFeNi4,0.8,34.5,40.0,0.11,91.81921005817172,0.0564762248597669,-2.873935528332639,0.5727354150665642,84.2631576739364,1.550537148011286,1565.7755839154715,1.4838111675150096,-0.8605527331261241,-1.4590247906627174
AB5,La1Fe0.5Cu0.5Ni4,1.3,36.1,22.0,0.48,116.20835305720983,0.5565796227216516,-0.5859450408342316,0.9437953665508758,84.57526587372419,1.54553387038838,1534.7256767281015,1.6798214246365468,-0.9503995235291831,-1.5439443176733634
AB5,La0.8Ce0.2Co0.5Ni4.25Sn0.25,1.2,38.2,25.0,0.8,126.26817683934529,0.7999999999999999,-0.2231435513142098,0.8991602072087271,87.69122582635698,1.536836630143881,1475.48348338548,2.7230431476021004,-1.5711371016079299,-2.1221567018428114
AB5,La0.8Ce0.2Ni4.8Sn0.25,1.2,32.4,25.0,1.1,109.46255647286092,1.0999999999999994,0.0953101798043243,0.8973351130528165,87.49438295217003,1.5356693931122871,1474.445010792905,2.79549996824626,-1.6107577253147778,-2.2980732517674887
AB5,La0.13Ce0.35Pr0.52Co5,0.8,40.0,50.0,3.6,134.43141326695616,1.033101700090644,0.0325656364925106,0.5800854776039,85.21100471734567,1.5154825622616412,1570.9039906825092,0.6332376012295432,-0.31037750854719187,1.701132553296689
AB5,La0.1Ce0.9Co5,0.6,41.0,20.0,0.84,138.41053807722963,1.113771093217642,0.1077516385394955,0.4338141168439207,85.0417476327265,1.5142349808478988,1546.5396854125293,0.7380151330789817,-0.3937391544337035,1.6720350149519805
AB5,La0.2Ce0.8Co5,0.6,44.0,20.0,0.72,147.36257358544185,0.974571677007968,-0.0257572101401325,0.4336932996790266,84.98770926016986,1.5173380547735196,1550.6687588705468,0.7841755519730537,-0.40963759311882275,1.526501735153601
AB5,La0.2Pr0.8Co5,0.7,38.0,20.0,0.23,117.40735139633644,0.2987307014373159,-1.2082127755222989,0.5072232350993994,85.27300597680502,1.5178221872257853,1586.2315495314213,0.6086355687835946,-0.27352111692116154,1.646602370510119
AB5,La0.4Ce0.6Co5,0.6,38.0,20.0,0.65,126.0448734310094,0.8442389388445866,-0.1693197215558136,0.4334516653492383,84.87954214147884,1.5235493921943135,1558.933811234022,0.8764963897611964,-0.4414344704890631,1.2354351755568425
AB5,La0.4Pr0.6Co5,0.9,29.0,20.0,17.0,122.4812510025284,20.754250003502484,3.032751045149971,0.6528589943419346,85.09382992549669,1.5239060400595066,1585.6214402745704,0.7454214880671167,-0.3393029425669151,1.326191150881604
AB5,La0.65Ce0.28Pr0.07Co5,1.0,47.0,50.0,1.1,146.2357165777929,0.2537203847619883,-1.3715224657348997,0.7249254215434772,84.76922265538468,1.5313639949896527,1572.3955109032395,0.9751744870769634,-0.4693741768532363,0.8805116094572621
AB5,La0.66Ce0.2Pr0.14Co5,1.0,41.0,50.0,0.9,126.00007966798456,0.2503393379093142,-1.3849379298516185,0.7249977556651169,84.78885908968795,1.5317157752715505,1575.926271164305,0.9663160589558403,-0.4589102740392731,0.878678708195083
AB5,La0.6Pr0.4Co5,0.9,43.0,20.0,0.17,131.95025478201646,0.2285293580041021,-1.476090595482518,0.6522576957498439,84.91432351915203,1.530001109969446,1585.0102061315295,0.8845277501426965,-0.4049080851170631,1.0085019264825839
AB5,La0.75Ce0.25Al0.2Cu0.8Ni4,1.4,33.5,22.0,0.7,110.53615715595468,0.8030712592646667,-0.2193118276716968,1.0100077243914805,84.92247706289422,1.5347503359713603,1490.993290207443,1.8289985987716544,-1.0084190759213458,-1.1512452024216555
AB5,La0.75Ce0.25Al0.1Cu0.9Ni4,1.4,32.9,22.0,1.0,111.46874470608168,1.144425633880071,0.1349028813488191,1.0185918985237774,84.96971366896429,1.533815233078788,1492.5091843532746,1.8126972732857258,-1.003090352579444,-1.1870424607762786
AB5,La0.75Ce0.25Ti0.1Cu0.9Ni4,1.4,38.4,22.0,1.1,130.89576127533743,1.2875809360998318,0.2527652145701198,1.0234951414713394,84.9212263061356,1.5341025159653339,1500.8933626638664,1.7475249369307166,-0.9766213839648165,-1.2078300153612618
AB5,La0.75Pr0.25Al0.2Cu0.3Ni4.5,1.4,34.2,22.0,0.8,114.01803380500472,0.9204338343832104,-0.082910160975923,1.004776178348734,84.80160599318921,1.535943485011122,1528.4625173819077,1.8211312404315732,-0.954514542510786,-1.0792540905993044
AB5,La0.7Ce0.3Co5,0.7,42.0,20.0,0.17,128.53903185859843,0.2269623337546353,-1.482971205865059,0.5057795820745216,84.71706515133039,1.532879393965087,1571.348682293611,1.0288997031957556,-0.48806968797078454,0.8151673075386695
AB5,La0.8Ce0.2Co5,0.8,34.0,20.0,0.18,101.7244726121072,0.2274425329119312,-1.480857675085456,0.5784550891257041,84.66284570367615,1.5359928658613986,1575.491591704566,1.0750601220898266,-0.5039681266559045,0.669634027740291
AB5,La0.8Pr0.2Co5,0.9,38.0,20.0,0.11,111.2748365049152,0.1428712050352379,-1.945811718653079,0.6516563971577533,84.7344858432921,1.5361074280063782,1584.3978439884218,1.0329153833865055,-0.46980649528478463,0.7017006830015411
AB5,LaCo5,1.0,42.3,30.0,0.06,116.14373968948333,0.0452813657035284,-3.094859684245045,0.7241252555315056,84.55431598005957,1.5422250253357896,1583.784350719868,1.1673809598779707,-0.5357650040261446,0.37856746814353304
AB5,LaCu5,0.8,42.7,101.0,5.0,127.50647349974084,0.1511396406113853,-1.8895510972448093,0.6088862620541048,86.46984908097679,1.532516005600704,1307.64806292862,1.5938944735834268,-1.1240357253505069,-1.7943003440770091
AB5,LaCu3Ni2,0.9,32.0,35.0,1.1,104.63795376367224,0.7235300020996887,-0.3236132657680383,0.6711148401085965,85.69310454411803,1.536479385251753,1403.8010300130263,1.7592266769873592,-1.0802858471375067,-1.6830011444708206
AB5,LaFe(CuNi)2,1.1,36.9,22.0,0.55,120.05066379302107,0.639842930856706,-0.4465325532853645,0.8077479874519182,85.10227986409217,1.5461060837316238,1462.2331884894647,1.3741671911204576,-0.9000622170445713,-1.5049961047610454
AB5,La1Al0.98Ni3.92,1.1,42.0,250.0,5.0,93.66402435805068,0.0034216798452779,-5.6776236656686025,0.7395176243405738,84.74982027378854,1.5540816538837585,1486.9348333082894,2.1250876409323687,-1.0941739271254496,-1.196551768401219
AB5,La1Cr0.5Cu1.5Ni3,1.1,35.5,22.0,0.62,116.3033591780973,0.7171488193043364,-0.3324719016152477,0.802366026289181,84.89154866649903,1.5440010470253314,1503.7216337775753,1.6339870491525847,-0.9544242621374897,-1.5343861511071821
AB5,LaCu2Ni3,1.1,33.0,35.0,1.8,111.97765436998831,1.168559579429725,0.1557718616556201,0.8129862298109897,85.29194301671221,1.5385263329405445,1453.4606919865464,1.8500139784615257,-1.0577925171963856,-1.6178245613644966
AB5,LaNi5,1.8,30.1,-40.0,0.1,109.95737826905172,2.952549886648882,1.0826691653560814,1.3104102111822329,84.46260608063437,1.5427580680610862,1556.1240559788648,2.0153461818654583,-1.0140426389833854,-1.506525361758309
AB5,La1Mn0.05Al0.05Ni5.2,0.8,26.8,20.0,1.3,93.60211255830438,1.5632463033157789,0.4467646227196493,0.5691883381234812,83.43374263932577,1.535953578141387,1558.5238668282375,1.9650178798233418,-0.9910532016928663,-1.4524587373771582
AB5,La1Mn0.1Al0.05Ni5.5,1.0,26.0,20.0,1.6,92.59948091299528,1.9134339343158413,0.6488994991918613,0.7060732209160466,82.33697574923619,1.528168642290213,1564.6608788523997,1.9100306454440825,-0.9642556070144704,-1.4135600248376796
AB5,La1Mn0.33Ni6.37,0.8,23.2,20.0,2.0,84.90330769287574,2.3461538820103947,0.8527773414349481,0.5516321697575657,79.5514946113207,1.508688751552069,1580.888038061637,1.7375681611150788,-0.8855104907439569,-1.331166730139184
AB5,LaCo4Ni,1.0,45.0,40.0,0.15,127.92814451202764,0.0628705575085989,-2.766677308985338,0.7237247641761532,84.53601460016363,1.5423313979027378,1578.2645369891627,1.3592492950792199,-0.6297243732997714,0.027680056366308534
AB5,NdCo5,0.62,42.7,22.0,0.7,141.70674838075564,0.8339446667955244,-0.1815882255923908,0.4527457546643688,86.96894133340848,1.5143191833094396,1613.2113293225075,0.8258603964733728,-0.3800418442028497,1.329700406986474
AB5,Nd1Ni4.6Sn0.4,1.0,26.4,20.0,1.4,92.85376885259078,1.6788689971482624,0.5181203507203541,0.7711300171022393,91.5914179133633,1.516486454736513,1467.5855265375028,3.1583963136867834,-1.8718260904673063,-2.2269350967782904
AB5,Nd1Ni4.8Sn0.2,1.1,25.7,20.0,6.5,103.23089004714971,7.757296340313645,2.0486338637329515,0.8270264443267475,89.30100105126763,1.5156507875968357,1525.1973090708302,2.4114702804897066,-1.36542615100491,-1.3966077503058156
AB5,Nd1Ni4.9Sn0.1,1.2,27.9,20.0,10.0,114.31717813754574,12.11632991713809,2.4945541226670023,0.8910711474198316,88.10932212321426,1.5152159990927423,1555.1720915607482,2.039167435287199,-1.1121378397259085,-0.9800830794548324
AB5,NdNi5,1.33,27.8,30.0,18.0,115.73478737234002,14.9603081240774,2.7054005688634635,0.9755290502573112,86.88496371287772,1.5147692873575824,1585.9688742977642,1.666864590084689,-0.8588495284469071,-0.5635584086038486
AB5,PrCo5,0.8,40.0,20.0,0.49,130.5180125462764,0.6452448172487181,-0.4381254725757367,0.5808020046616316,85.45185258419315,1.5117495205316898,1586.8405370045075,0.5461006188459131,-0.20208543221600334,2.054117437482447
AB5,Pr1Cu2.5Ni2.5,0.8,19.3,23.0,25.0,91.93192293748996,26.34967783217333,3.2714560484296418,0.5953796376301417,86.36496748683638,1.5077891480330112,1432.1730176616827,1.1763789583162125,-0.7358896596436234,0.01697113073277495
AB5,Pr1Fe0.5Ni4.5,1.26,20.5,23.0,6.0,84.11865132053069,6.3446309114337724,1.8476089294876143,0.9134900791641346,85.26706983915248,1.5159542102335268,1564.114247022956,1.1480212473906655,-0.6021163079319586,0.21591185257910311
AB5,PrNi5,1.4,29.0,20.0,10.0,118.0695233533056,12.20838235500148,2.502122794087802,1.0197737068965516,85.36304281643162,1.5121959868053994,1559.3161737223845,1.384784469665172,-0.6810697995556688,0.15813662666263095
AB5,SmCo5,0.64,34.9,20.0,3.2,128.72230080099297,4.068539590773718,1.4032841121564403,0.4739603036150942,89.82337933092586,1.5189339594166387,1625.0818703335237,0.4450369133703895,-0.05558428749684668,2.4324078206624353
AB5,Tb1Al0.5Ni4.5,1.1,26.9,20.0,10.0,110.90595521412772,12.033248325518882,2.487673512284461,0.8027958021537175,94.20379419246805,1.4925334985103267,1667.4038402927608,1.325000701735958,-0.6304950704820164,0.07638308366552954
AB5,TbAlNi4,0.9,33.7,20.0,0.9,114.082228439687,1.1348676704608287,0.1265160542338814,0.6316979130628033,94.52525655378301,1.4946988576593567,1639.6401817503784,1.3796764207649805,-0.666971887397235,0.24455704572143913
AB5,YCo5,0.73,32.2,31.0,28.0,133.573292847688,21.670527556379056,3.075953160262503,0.4663798244546299,65.88037984479863,1.4543028447149369,1775.1853070803622,0.924947053957211,1.8285724562947674,1.1066796639315206
AB5,Y1Al0.75Ni4.25,1.1,24.3,21.0,6.0,97.50788591650972,6.855586067549382,1.9250638042612385,0.6594494621808813,64.39446082739539,1.4559263445975983,1700.7657086468557,1.8375232835478021,1.2942544727476508,-0.5465671871076627
AB5,Y1Al0.5Ni4.5,1.1,22.4,20.0,20.0,101.3183879283236,23.332749837935754,3.14985794612296,0.6740290872046213,64.8547694285232,1.4554755006776574,1715.977347429568,1.8136659382213771,1.3127579058486682,-0.6265711752913754
AB5,YAlNi4,1.0,40.8,60.0,3.0,131.60139429371606,0.5323000262815881,-0.6305479894297874,0.5856531395302229,63.91333833046117,1.4563975744463522,1684.8662411685846,1.8683416572504001,1.27628108893345,-0.45839721323546667
Mg,MgNi,2.0,40.0,25.0,0.004,88.25435340382856,0.004,-5.521460917862246,0.8402008422416587,48.62320512877356,1.393925545552685,1492.2662388672552,0.9920774294225266,-0.33448241678018953,-0.08131101842389092
Mg,CeMg2,3.1,101.0,216.0,0.1,187.33657108952008,1.2318107996230849e-08,-18.212195462368893,1.996585281286004,110.28665634835689,1.759850788974492,1030.6524697180039,1.4599914650565138,-0.6882368184400437,1.7397296433069758
Mg,Mg1.7Al0.3Ni1,2.7,76.2,312.0,4.5,142.72815836363262,1.274473238843983e-06,-13.572977610726928,0.992019908787256,43.17564947528953,1.399842847018883,1360.8367315388343,1.0137390415041392,-0.33946946580076953,0.21349350668245134
Mg,Mg1.92Al0.08Ni1,3.5,70.5,295.0,4.0,135.61282060829086,5.3987169923949404e-06,-12.129349226624909,1.2895500274419498,43.131228774516266,1.4130965771565207,1362.6565822860482,0.9196005757221201,-0.26452953941432167,0.17051776300592247
Mg,Mg1.9Ti0.1Ni1,2.9,62.5,300.0,2.5,116.66468426153077,1.3935264202478542e-05,-11.18108793757762,1.0830378598401251,43.739288853506665,1.4153500468723212,1398.29853838606,0.7957045428176858,-0.21856494376165914,0.130374998507009
Mg,CeMg12,3.8,65.0,341.0,9.0,124.10541065034344,1.2439084859010978e-05,-11.294667037747418,1.3015568400183786,61.88692691580821,1.6135788001185802,970.0540743348404,0.846861197575983,-0.19233049316190054,0.875861964160375
Mg,Mg14(TiAl4)3,3.8,73.0,337.0,4.2,131.57423173051248,1.2115342494134165e-06,-13.623623026834853,1.0913722409981033,29.56734772665355,1.3819974256871392,1108.19888308607,0.9238900694018788,-0.4077273869835727,0.7925553927369107
Mg,Mg2.23Ni1,3.9,67.3,323.0,4.9,126.10420509374272,6.2551716441971705e-06,-11.982101973303248,1.4071723560446692,42.183542366326506,1.4220149423948487,1341.5198091476439,0.8774975478512029,-0.22287755003632054,0.19712302847774768
Mg,Mg2.42Ni1,3.9,63.1,301.0,3.2,119.57221443389652,1.5519305728861422e-05,-11.07342577817491,1.3833591631698043,41.48095398373776,1.4250795879552214,1325.072877973645,0.8680001597384979,-0.2127308502221393,0.2232759252695885
Mg,Mg2Al3,2.6,63.2,335.0,11.0,123.85821239978308,2.4959378786843582e-05,-10.59826090312038,0.6861779299077605,25.977278423374166,1.343802138387415,929.541566444335,1.4586275109374893,-0.6547631461994632,0.9982138381082567
Mg,Mg2Co,4.5,76.0,450.0,16.0,128.14750507687023,2.391896410698509e-07,-15.24600912237186,1.6757540981052104,43.2810976362384,1.4178006637240044,1386.0562610214438,0.5680779158987138,-0.04430035717054095,0.9346130886135119
Mg,Mg0.9Sc0.1,6.2,79.5,375.0,8.0,139.94560001789583,2.408941302418809e-07,-15.238908293575612,1.7291789927911465,27.825581614794505,1.5170480684571923,1074.898289953582,2.4594601704387657,5.826873178338992,0.28737353706979646
Mg,La0.125Mg0.708Al0.167,4.2,67.0,300.0,4.5,129.40298386631488,1.0498139186116615e-05,-11.464312536876028,1.6995929321590122,75.53429585801342,1.6711223094639371,1044.1769488826003,1.5282693642031,-0.5747633434647397,0.05108426882860849
Mg,Nd0.05Mg0.7Ni0.25,3.4,69.0,300.0,3.0,129.52137040619948,4.75224337277101e-06,-12.25689376240665,1.358248196621644,59.5139366638431,1.5083095430596454,1296.001640147099,0.9925522617883088,-0.28597974068685844,0.2959953012239208
Mg,La0.1Mg0.8Al0.1,4.8,76.0,302.0,5.5,146.31298857854267,2.1263070635160563e-06,-13.061123855963984,1.8023559853941575,68.68371404436596,1.6547540859250485,1027.8685574693889,1.318336525759624,-0.4337089165611998,0.15187137897260725
Mg,Nd0.05Mg0.8Ni0.15,4.9,76.0,300.0,1.6,136.50822577475336,6.538362933463781e-07,-14.24040883280762,1.812571343030728,57.23646736386323,1.5339433098205282,1198.9312774269454,0.9284846598921321,-0.22766069729385122,0.43766655336639315
Mg,La0.1Mg0.85Al0.05,6.2,77.0,300.0,4.5,146.8504234545553,1.51530605335675e-06,-13.399893123988312,2.3540145611864154,68.74856874106008,1.6647259724366514,1027.8660337591014,1.257209841861413,-0.38238061176259497,0.12615782017748914
Mg,La0.075Mg0.9Al0.025,5.1,68.0,308.0,5.0,130.39050066210325,7.897633379175433e-06,-11.748947415628304,1.7576086612317476,60.57474548489314,1.6370895752385377,1008.5371302211386,1.1002012509910328,-0.2843218163848704,0.25039527646544396
Mg,Mg1.5Ni1,2.6,29.1,300.0,3.7,61.64973628926955,0.0132440525847517,-4.324206688846568,1.0079215964277568,45.5173281709369,1.4074731820718456,1419.5605895477604,0.9651353121992695,-0.2733364438574798,0.10391215739048916
Mg,Mg1.75Ni1,2.8,26.6,300.0,4.5,58.91532792982357,0.0261327237896275,-3.6445669649424,1.0519510953152929,44.24403924549886,1.4130271868762483,1389.7540970974685,0.9424708231803121,-0.25208133268849364,0.1561713386867047
Mg,Mg2Cu,2.6,72.9,295.0,6.0,143.20815854330155,5.111635561228959e-06,-12.18399113426976,0.9900454135567074,46.53839443275437,1.4150121259674022,1169.3345199543492,0.7609586121846492,-0.27791248798246426,0.09159711792843911
Mg,Mg2Al0.125Cu1,2.8,63.0,330.0,11.0,124.38811151141692,2.883720038474618e-05,-10.453844324297442,1.0565038164151803,45.9674604401605,1.4101948366898907,1162.4487979732505,0.8132522199896695,-0.3090440710078365,0.1417518756274179
Mg,Mg2Al0.25Cu1,3.0,72.0,330.0,3.0,128.50732747365242,1.25410284192373e-06,-13.58909010801282,1.1225159987349422,45.428916056830985,1.4056508366532297,1155.9537093181823,0.8617017304860012,-0.33776732587005703,0.18825795929028136
Mg,Mg2Al0.375Cu1,3.2,76.0,330.0,3.0,135.13917693066975,5.545695695278184e-07,-14.405073574495098,1.188159390684138,44.920081069855364,1.4013575114027153,1149.8169294101374,0.9067342655968298,-0.36434984458725234,0.23152077714326696
Mg,Mg2Fe,5.5,77.2,450.0,25.0,133.51741376985478,2.811925428921335e-07,-15.084226196237305,2.0103807984098987,41.16729764013212,1.4465367861758653,1397.753338758317,-0.004519673965039297,0.0828881383946205,0.45305118780697784
Mg,Mg2Fe0.37Ni0.63,3.7,82.0,320.0,1.7,142.65669098058922,1.2174312337312905e-07,-15.921352558113728,1.3499587941672575,42.406492799916634,1.4283498569574338,1375.8472570014733,0.5885967251227876,-0.11634321880245055,0.3033201857486359
Mg,Mg2Al0.25Ni0.75,3.5,90.0,327.0,2.0,155.72544524223397,2.3254508732240697e-08,-17.576766799746526,1.1918949655776243,39.71960799847251,1.416585485218806,1280.299211342725,0.9902479057858341,-0.26993269430225686,0.3819582605085135
Mg,Mg2V0.25Ni0.75,2.9,62.4,250.0,1.0,119.277453885119,1.9866185603029388e-05,-10.826491487466871,1.040627034871049,41.891460678230075,1.4192020176447824,1411.6110671503484,0.7947063430168143,-0.15883544057363386,0.3848248960961979
Mg,Mg2Zn0.25Ni0.75,3.3,61.5,246.0,1.0,118.46287200231149,2.5896633495352544e-05,-10.561397578581447,1.2298769102608298,44.362587070744524,1.4169053598611887,1213.5966384449584,1.0490145338052261,-0.25500642537497603,0.38926423710292213
Mg,Mg2Al0.15Ni0.85,3.4,84.0,327.0,3.0,149.0990459951536,1.1791433787941733e-07,-15.9533074262846,1.193552034674981,41.140746075378246,1.4171575217978476,1315.0493249475444,0.9762667836672213,-0.25474124501110784,0.3239434594664299
Mg,Mg2Mn0.25Ni0.75,3.2,58.0,250.0,1.0,110.86686418809136,4.262434298046004e-05,-10.06308503642754,1.162759207333071,42.492533195829886,1.4250083060442278,1333.1169453655787,0.7062350105586396,-0.14939578844485116,0.2576028463172441
Mg,Mg2Zr0.3Ni0.7,3.5,59.8,340.0,10.0,116.67321131005444,4.145695790970749e-05,-10.09085482775122,1.40403209556707,52.01877615624053,1.4590437268681418,1487.2384346902313,0.5875084846852445,-0.11965904642416689,0.2515794483998507
MIC,CeCo3,1.0,38.1,79.0,0.3,98.18251026480957,0.0284145156368702,-3.560855150414929,0.7939403584455667,94.8260650378683,1.571062021926123,1458.5131693034284,1.0963999249528602,-0.5249993788347582,2.231843560131647
MIC,CeAlPt,0.3,24.0,22.0,1.2,82.83043621614104,1.3240973122902642,0.2807309535225775,0.3603882466844978,161.29553196730302,1.535983654496519,1582.286122733209,2.94500334211136,-1.5498930434366234,5.64938888611892
MIC,Dy2Co7,1.1,35.8,50.0,2.0,116.54740128811338,0.65433072052403,-0.424142366467805,0.9042206795696222,104.57080118830605,1.5262634511639366,1729.222040743934,0.3726045757886524,-0.15058946870125425,1.3910222372571588
MIC,DyCo3,1.4,42.7,50.0,0.3,122.12675725895436,0.0791345375993989,-2.536605867400935,1.1948514797441965,108.53421591636805,1.5415711155379104,1725.8543545816597,0.36944509870151127,-0.16387568449495932,1.365737428797367
MIC,DyFe3,1.0,47.1,150.0,0.4,103.68985995688968,0.0014602600766074,-6.529140724463328,0.8268072590989257,108.35893791567563,1.5723302074022452,1746.4992652294454,-0.9896699336496879,0.11690959611065871,0.19920229748309312
MIC,Er2Co7,1.3,29.6,50.0,8.0,108.8871365581356,3.176084240253319,1.1556490670423654,1.0846085916964632,107.43987317689908,1.5291140280080047,1783.2246923806806,0.3393306677965164,-0.09682035895638762,1.6418478183676115
MIC,Er6Fe23,0.8,50.4,0.0,2.0,148.0,3.703858806870366,-2.530914829497336,0.6312097767360558,104.71322679479665,1.5535164286191936,1807.0524346926495,-1.0922296048225564,0.20384799948243412,0.4068308867296045
MIC,ErCo3,1.3,39.8,50.0,0.2,109.7814952746614,0.0577539068746844,-2.8515642803588066,1.1239269242714818,111.59418533248943,1.5444540927528374,1784.528597883991,0.3334621664553942,-0.1032750090972301,1.6496174545650613
MIC,ErFe3,0.8,42.9,150.0,1.15,102.54449149031858,0.0069252638006514,-4.9725791336774,0.6696308563748079,111.5060758436531,1.5748557321815801,1806.5037097439022,-1.0256528658958048,0.1775102715083877,0.4830823232507875
MIC,ErNi3,1.5,23.8,-40.0,1.2,103.59605628835796,17.44467119185957,2.859034226187078,1.2967548948513417,111.58154586391532,1.5448615246962771,1764.0493820688112,1.0866533922382873,-0.5344846178698539,-0.05867067183342057
MIC,Gd2Co7,0.9,40.0,100.0,6.0,122.0924709060105,0.234213493489148,-1.4515222142384705,0.727812580085852,101.46312442411856,1.54466121016497,1688.8377745329126,0.507418576673542,-0.15438579136867947,1.9474503016680202
MIC,Gd3(AlNi3)2,1.0,33.6,300.0,5.6,72.94675242999641,0.0083894176161718,-4.78078417495617,0.7997302363461454,109.70622541073232,1.5856731324653808,1602.3149934548267,1.366293453459046,-0.6783277306586146,0.7199479459889536
MIC,GdCo3,1.4,45.0,150.0,3.0,115.4793048829308,0.0140661616958384,-4.263983245652756,1.1763634810964614,105.2147001431661,1.5618323242341403,1681.8548548114495,0.5211108496970116,-0.16814654749581434,1.9917190012595876
MIC,GdFe3,1.0,50.4,150.0,0.18,104.8495929677547,0.0004434589026188,-7.720905426531298,0.8136549021965688,104.9418987176132,1.5936665794294689,1701.5783826223503,-0.8380041826541867,0.11263873310980532,0.8251838699453132
MIC,Ho2Co7,1.1,36.7,50.0,5.0,126.9506724493058,1.5905185270431377,0.4640600807045353,0.9101798637526014,106.02992039366126,1.5277283125128582,1752.893093436407,0.3386958838565471,-0.06308384397578402,1.963472718622972
MIC,Ho6Fe23,0.8,51.7,0.0,0.3,138.0,0.8497595425165011,-4.258115543975452,0.6273551631442342,103.31556165677712,1.5523091886229239,1777.491978502957,-1.091380397792286,0.23536752362716604,0.7079642736615211
MIC,HoCo3,1.2,36.0,100.0,6.0,111.37292112710124,0.3239409457869936,-1.127194045891816,1.0294061626421824,110.09096459973696,1.5430534232876107,1751.590459020553,0.33013764888186375,-0.06552019822660839,2.008383222719159
MIC,HoFe3,1.0,44.6,150.0,0.63,101.55854009299443,0.0030981086144711,-5.7769634780567936,0.8328957231040565,109.9603487374334,1.5736289727903046,1772.8016259861329,-1.0289773834693345,0.21526508237900965,0.8418480914048854
MIC,Ca0.5La0.5Ni3,1.6,43.5,20.0,0.6,144.14111171142036,0.8093538448075364,-0.2115190721253602,1.0709927692282877,78.26592614404248,1.5408680260208971,1541.8315322174385,2.3635305269526605,-1.1533056526832757,-1.6133384697454958
MIC,Ca1.5La0.5Mg1Ni9,1.9,35.4,20.0,0.7,117.7918392937761,0.8930601560321649,-0.1131013363967005,1.0921961181934263,63.99460844990452,1.4560964873337732,1590.8172474307444,1.944366706673801,-0.9118134929929298,-1.1536356888976225
MIC,Ca1La1Mg1Al0.3Ni6,1.9,30.0,20.0,0.4,94.71850086751328,0.4917069252333798,-0.7098724203978577,1.1643094651793362,75.20202720708039,1.5349275468308967,1506.4038049762112,2.1870888042536145,-1.0296316544430584,-1.2594011595980665
MIC,CaLaMg(AlNi2)3,1.8,30.0,20.0,0.4,94.71850086751328,0.4917069252333798,-0.7098724203978577,0.964372826653574,69.68206179264251,1.5023109091824711,1440.8180989913365,2.1663359376308864,-1.0351550375359566,-0.6662968973819011
MIC,Ca1La1Mg1Mn0.3Ni6,1.8,32.3,20.0,1.0,110.18250042640284,1.248875710966134,0.2222437153561474,1.1183059344311277,75.30053540661571,1.5350718623033013,1514.8754559986508,2.078196225426599,-0.9828924146486283,-1.3063094511168505
MIC,CaLaMg(MnNi2)3,1.8,32.3,20.0,1.3,112.36383863710364,1.6235384242559734,0.484607979823638,1.0914663420739987,71.10703442494173,1.5072548332535836,1515.7248746588061,1.2910938240287289,-0.6753111509198039,-1.0665830922506523
MIC,CaLaMgNi9,1.8,33.0,20.0,2.5,120.1885433078236,3.1372633474265217,1.1433508744980816,1.1085386207690815,71.76194042016799,1.4935679541757652,1566.0819432780709,2.016230837296163,-0.924664488216664,-1.1544868121726621
MIC,La(MgCu)2,2.4,64.2,170.0,0.4,137.25375268883516,8.351376601376987e-05,-9.390499077255424,1.534970091725215,90.75558148037902,1.6380884614723228,1217.844447717659,1.8715764397254633,-0.8978907810970794,-1.0169765593953803
MIC,Lu6Fe23,0.6,39.7,0.0,2.0,151.10432338559397,8.66205582415345,2.158952087490376,0.4820047130071068,109.41904318584616,1.5574093376122475,1862.270469965132,-1.133880000594562,0.34661069770413566,1.0325531816475744
MIC,LuCo3,1.0,32.0,20.0,5.9,123.91636961228092,7.353172723549895,1.9951318831530584,0.8812494613796696,116.64784904946012,1.548958067606109,1846.0910415353978,0.27346650993064814,0.06849373835563165,2.394356914134716
MIC,Mg51Zn20,3.6,80.9,330.0,8.0,151.4179628769067,5.442679980505492e-07,-14.423824067924151,1.3294158102139817,45.41058229957198,1.4229798232547735,804.7380859469293,1.3412378831698217,-0.27197528146159844,0.9449745301595697
MIC,Mg6Pd,0.9,80.3,160.0,0.014,149.89549142498555,5.773045636273515e-07,-14.36489586978804,0.3246694742478222,58.94792685827552,1.4578116947472743,1304.8252566897918,0.7602938784812855,-0.010738583587729656,0.9843881107774989
MIC,Nd2Co7,1.2,56.7,125.0,0.9,141.532655880313,0.0028791213463615,-5.85027011945202,0.938532716674164,94.03968684576452,1.55576124496038,1574.1729072473222,1.1819919346718624,-0.47570103335747316,1.492257202116932
MIC,NdCo3,1.3,54.5,20.0,0.29,175.61976510846344,0.4219446687904328,-0.8628810901530082,1.0487379095402936,97.26191385058132,1.574646909838799,1556.382610931852,1.2718846776729211,-0.5302445855678269,1.4700997809613827
MIC,Pr2Co7,1.1,54.6,150.0,2.0,134.79519393409322,0.0029870507953589,-5.81346873441604,0.8512758860472249,92.20421583386641,1.5529352975501114,1540.7124667438752,0.798150631472314,-0.23925033848784083,2.445443931707259
MIC,PrCo3,1.3,54.2,100.0,0.02,112.72471822543338,0.0002468648131067,-8.306669686525282,1.0378456780909762,95.29002462674976,1.5717570682644353,1519.6320835438323,0.8394831258754147,-0.26428172461339455,2.541754352943126
MIC,SmCo3,0.6,59.4,69.0,0.2,160.22694393283453,0.0091776007387456,-4.690989465944655,0.4897833204584651,100.95224328739775,1.579796110054364,1573.5924908940083,0.6762858537018424,-0.045413423012691155,3.0955799515656346
MIC,Tb2Co7,1.1,40.4,50.0,2.0,130.78227673295325,0.5668249741358496,-0.5677047104993005,0.8954555796076061,102.4481366577156,1.5240734226908725,1707.5094856149217,0.6494052201814263,-0.12288713867666926,2.116743917019069
MIC,TbCo3,1.4,46.9,75.0,0.6,130.46496394672792,0.039635255198489,-3.2280362739982413,1.18226326557922,106.26744567348439,1.5393518573471465,1702.2002295718667,0.6712744096261456,-0.1334393809866784,2.1709460882078524
MIC,TbFe3,1.1,48.0,150.0,0.23,101.21583245108027,0.0007542566424001,-7.189777873334532,0.9005468511764328,106.02591998575784,1.570384772607148,1722.3999182442828,-0.6878406227250544,0.14734589961894012,1.004410956893579
MIC,ThAlNi,0.9,47.0,40.0,0.007,108.8342479963457,0.0028227337570827,-5.870049446208477,0.9541618573110372,182.60058660800067,1.6701599355022425,1943.1661646120074,1.4033505026744835,-0.7406092822207633,0.538878484128661
MIC,Ti3Al,2.9,47.0,50.0,0.8,143.58804162313015,0.1845239161905367,-1.6899761968534357,1.2635511222782108,44.56348553968167,1.3762740616758533,1781.6360357351487,-0.9085428417143615,0.13154454522493905,0.3583081947182596
MIC,Y2Co7,1.3,38.0,20.0,0.25,118.10059935073154,0.3247072841709952,-1.1248311665832489,0.8570938118155064,67.96096211927052,1.485540051546042,1777.3372035509497,1.3001854212313015,2.468057935399045,1.1785642400000287
MIC,Y4.3Sc0.7Si2.6Ge0.4,0.5,39.4,426.0,1.5,59.72524569586402,0.0001647958569468,-8.710803080690287,0.3214501284946558,76.69877531565808,1.6577274567494058,1750.9625435335363,7.988638072718556,22.9681294567112,-3.01274438539864
MIC,Y5Si3,0.4,53.3,398.0,0.3,69.40590655813183,1.9380150530445334e-06,-13.153846277217024,0.263347910491171,79.21476089675733,1.6884622930931856,1781.1539668949094,5.299301351627621,15.299185136963159,-1.6491039080220293
MIC,YCo3,1.5,44.0,75.0,0.45,119.74338652801497,0.0351650288440742,-3.347703188972975,1.0035405902525982,68.96213689775136,1.5005713742739213,1778.3726946722036,1.406592607146332,2.781616766604955,1.1192366950019892
MIC,Zr2Ni5,0.5,35.0,60.0,0.8,103.202530814528,0.181501415012724,-1.7064918290942663,0.3389360350505361,71.16441459042056,1.4266725150499566,1881.345030099913,0.47771989380917956,-0.2887779378395511,-0.49425232205609365
MIC,Zr3V3O,1.2,152.0,700.0,0.1,137.0497450532133,3.377889185397852e-20,-44.83445084682977,0.7616842587237325,74.59175236450777,1.4465768270395272,2072.0342643174768,-1.5044586654857754,0.6055102799756562,1.143556706431095
MIC,Zr7Ni10,1.4,47.0,60.0,0.25,129.55172093681765,0.0341081407578893,-3.3782191912816786,1.0154433308144082,75.64400487930659,1.454213293817554,1936.4265876351078,0.0260760094471877,-0.1463194467879596,-0.4617539048278435
MIC,Ca1.03La0.65Mg1.32Ni9,1.08,26.8,10.0,2.0,100.41241494427248,3.546232034133789,1.2658856409691313,0.7160025990300992,66.45546672372497,1.46210082728861,1584.2843552351292,1.9311080443310669,-0.8425557598652944,-0.9447794045310637
MIC,Ca1.5Y0.5Mg1Ni9,2.0,25.8,-10.0,2.0,103.80587715781576,7.984086909413285,2.0774504243974725,1.108674017722168,57.76223909053321,1.4271587556845506,1646.947146584309,1.9371261144109335,-0.31666541671375525,-0.9090017496722587
MIC,CaNi3,2.0,35.0,20.0,0.4,111.7746154846035,0.5089174947062393,-0.6754693684851413,1.0940951976028508,55.24190937322757,1.4334347251226185,1614.3433633329664,2.254673903520223,-1.1066252446141793,-1.4855733193636431
MIC,CaMgTiNi9,1.9,33.4,20.0,1.1,114.72726963137444,1.3842002922816712,0.3251225665812684,1.0255470170002534,55.414498870147355,1.3875871246197837,1675.0130115883046,1.4272244735539485,-0.6322520545533732,-0.6923526509029774
MIC,Ce2Co7,0.9,43.3,100.0,0.9,115.16314227719188,0.0268842964478483,-3.6162129380103374,0.6935078053673538,91.77267254841578,1.5522563617284213,1484.8410935802106,1.1386710211572657,-0.4624596815080795,2.301530774189274
SS,Co0.05Pd0.95,0.6,38.2,81.0,0.6,103.61681402035786,0.0524667422946458,-2.9475757902198407,0.6230577497724442,105.07513412778759,1.3985839583519963,1826.3493339807478,0.6298384523097786,0.12384160169387139,2.3277734595888666
SS,Cr0.05Pd0.95,0.6,29.6,30.0,0.26,86.44164714059995,0.2135207227832241,-1.5440213888071836,0.6209806757209927,105.05555296187357,1.4,1836.8736443009154,0.5293864334465107,0.15083840341698054,2.2516563096634443
SS,Ni0.025Pd0.95Rh0.025,0.7,32.6,50.0,0.32,91.40850556947296,0.1156884619629,-2.1568543734985504,0.7352787044030434,105.66792450197524,1.3980787464420008,1836.6602538131137,0.6776584571585946,0.09895731249766568,2.29229785788534
SS,Ni0.05Pd0.95,0.78,31.6,50.0,1.4,100.58488890412384,0.5221822320568746,-0.6497386484647356,0.7274303677268682,105.07368758766273,1.398589557592268,1825.2277047421283,0.6867028500325374,0.09560078598310173,2.2216906374868493
SS,Pd0.95Pt0.05,0.6,33.0,30.0,0.17,94.1246705594542,0.1364868564946759,-1.99152695840954,0.66382341669062,114.2217268676051,1.3956003976430091,1846.823103257281,0.8005158157584735,0.04563873367859906,2.8347520236242016
SS,Pd0.95Rh0.05,0.7,34.2,30.0,0.13,95.8527175385472,0.1035422732075764,-2.2677753128761347,0.7430085249524447,106.24979723860416,1.397578563644959,1847.8549279478825,0.6778954354528822,0.10302057139465474,2.373793059201805
SS,Sb0.05Pd0.95,0.5,34.6,100.0,0.07,70.61459481816034,0.0042336164725984,-5.46469869313132,0.5343533141899977,107.29128028585556,1.4028398966292552,1775.5533748495618,0.9893815551062878,0.22434228637577222,4.66345001664629
SS,Sc0.05Pd0.95,0.5,37.4,50.0,0.04,88.97348103361803,0.0124491852465784,-4.386100100254733,0.5152089594799394,105.0831544232958,1.4043500054103273,1827.7444121199244,1.554330281313153,3.0600822044956932,2.1294953990224865
SS,Pd0.96Pt0.04,0.5,37.4,80.0,0.4,98.28581996095096,0.0381571444757648,-3.266042265501641,0.5482100981095955,112.71170459674286,1.3964519395714479,1843.1895738486319,0.7785430219220288,0.06378942534583179,2.7524913303538923
SS,Pd0.972Ir0.028,0.5,30.7,25.0,0.1,83.82424597050999,0.1,-2.302585092994045,0.5425057629416926,110.66330221543896,1.3975271266970646,1873.1032787061802,0.8310666975902151,0.17774361510945605,3.486971617326996
SS,Mo0.025Pd0.975,0.5,30.8,30.0,0.16,86.36349438206324,0.1303524201190535,-2.037513572460797,0.5292234984446039,106.18321822189567,1.4011296840558414,1852.1789217487142,0.6063859808442996,0.14203076866841635,2.324851917843661
SS,Pd0.975Rh0.025,0.7,36.0,30.0,0.056,94.78833079359528,0.0440718234658712,-3.12193462440444,0.7436229824046099,106.33496893877687,1.3987902822418106,1837.944281544232,0.6761524412423631,0.11908799087008404,2.3890938249340037
SS,V0.02Pd0.98,0.5,30.8,25.0,0.1,84.15964761397805,0.1,-2.302585092994045,0.5249981554598389,105.88327101546352,1.3995162729845467,1831.4839780827028,0.6457974468695685,0.13726366740723786,2.3726893922564627
SS,Co0.1Pd0.9,0.5,29.8,80.0,4.0,95.90927822365089,0.6151017633215567,-0.4859675560485342,0.5068563028435831,103.66745468756116,1.3971017787862976,1824.5692363223436,0.6548777413494392,0.11782828591042209,2.3328121853963593
SS,Ni0.05Pd0.9Rh0.05,0.6,28.4,30.0,0.7,90.71754302166664,0.5794717786286243,-0.5456383169073895,0.6219336555044553,104.89729617402406,1.3961100977878966,1845.482912597587,0.7435567226708977,0.06752965823119055,2.2536949963008226
SS,Pd0.9Rh0.1,0.6,29.2,30.0,0.58,91.79300448038974,0.4775848395826602,-0.7390134603249399,0.6351714453386988,106.07903052342095,1.3951491040463926,1867.7254780045548,0.7324289652991862,0.07477276054713741,2.4030754227862814
SS,Ti0.23Mn0.36V0.41,2.8,34.0,40.0,4.0,120.10003747442484,2.073619215822363,0.7292954940225238,1.476712425697302,51.81611374047266,1.3797902521514416,1877.296238935147,-0.9759931175449378,0.3797446037304297,0.5872041742756444
SS,Ti0.3034Mn0.26V0.4366,1.42,52.7,25.0,0.03,147.60258620663993,0.0299999999999999,-3.5065578973199822,0.8946787167834531,51.18510933836231,1.3782154572801322,1928.355653645584,-0.9821149342971506,0.3873221502278873,0.6487283554556093
SS,Ti0.296Mn0.1V0.504Fe0.1,1.56,44.7,25.0,0.03,120.7704547291957,0.0299999999999999,-3.5065578973199822,0.9919907508199618,51.05497621263263,1.3747900788965124,2003.2304003013269,-0.8908914665656764,0.37440409268523955,0.7957271997176512
SS,Ti0.138Mn0.08V0.782,2.6,50.6,25.0,0.06,146.32208756338792,0.06,-2.813410716760036,1.4640448660576122,50.88752214526886,1.3608195822146079,2094.14974561039,-0.49425931161297976,0.32766128138210804,1.1802063570660721
SS,Ti0.1045V0.8455Fe0.05,3.3,42.9,40.0,4.5,149.50018892048965,1.9642282389693584,0.6750994144681263,1.722064088891762,50.90833082160497,1.3576617436122171,2138.780825153315,-0.3975659134648992,0.31394518370894464,1.2971535752722148
SS,Ti0.172Mn0.14V0.688,1.6600000000000001,48.6,25.0,0.04,136.2429533162634,0.0399999999999999,-3.218875824868201,1.1037290771653911,51.047950019516485,1.3656207202960111,2043.719051740874,-0.6152873338206917,0.3428102312600659,1.0401524671008302
SS,Ti0.176Mn0.08V0.704Fe0.04,1.6799999999999997,48.5,25.0,0.08,141.67048754237243,0.08,-2.525728644308255,1.1148322434552262,50.992898514975565,1.3647825449900164,2069.322468121357,-0.5936460108322702,0.3398922514102583,1.084256907875665
SS,Ti0.095V0.855Fe0.05,3.7,43.2,80.0,9.3,140.86831711837627,0.6162287087462747,-0.4841371039238774,1.939932366097183,50.93582010799378,1.3572106032472306,2140.96843997047,-0.37469031520886165,0.31213357530208635,1.318736493355783
SS,Nb0.95Cr0.05,0.9,47.2,77.0,0.26,123.5995872039394,0.0153781976026468,-4.174804512757289,0.8186253603863342,91.73581278907994,1.448569348326484,2733.690570921919,0.19020941892310447,0.23759458115982415,2.058987515628487
SS,Nb0.97Cr0.03,0.9,47.2,77.0,0.45,128.16045174876555,0.0266161112353503,-3.626238561008453,0.8259971133054634,92.21030783016315,1.4491492698536446,2740.301676331548,0.22742467014874343,0.2321081892474649,2.100009849910039
SS,Cu0.2Ni0.8,1.56,5.1,25.0,3800.0,85.63707067339983,3800.000000000002,8.242756345714477,0.9621327951236609,59.72706764905825,1.35,1649.1361386244816,1.4930494575831874,-0.6310195793428934,-0.5281741742229671
SS,Pd0.75Rh0.25,0.8,25.4,0.0,5.0,106.37032277782502,12.772030674720083,2.5472576765659123,0.8443850406426011,105.56331848587817,1.3878121850316996,1927.7341386257285,0.8542633845810617,-0.013150967716327646,2.441926599408816
SS,Ag0.3Pd0.7,0.3,46.0,50.0,0.002,90.67951459542884,0.0004759339191252,-7.650231538737178,0.3189761546544394,106.85858176974551,1.46056922659101,1648.425901621701,0.5609715699070722,0.06826552496206384,2.6301278627201143
SS,Ni0.1Pd0.825Rh0.075,0.7,21.4,30.0,6.3,85.89473841359334,5.463894094571971,1.6981617396816675,0.7090169554940136,103.38945281320841,1.393299097653739,1853.3894926359135,0.8388051176041215,0.018091522739574414,2.150960110421573
SS,Pd0.85Rh0.15,0.7,31.0,50.0,2.7,104.18873551349932,1.0261012345764082,0.0257664110588804,0.7405506951437841,105.90769704687264,1.3927115812615254,1887.661976861983,0.798564209105777,0.04740836517765333,2.445967762518229
SS,Pd0.88Pt0.06Rh0.06,0.5,24.8,0.0,0.3,80.78258346905798,0.7495320031869481,-0.2883062629688917,0.5559990926856504,115.53078066779422,1.3919844279024545,1873.081013354647,0.9320153584595758,-0.003052352189131317,3.0038694625562705
SS,Pd0.8Rh0.2,0.8,28.4,30.0,4.8,106.72471736835598,3.973520767739135,1.3796525449451873,0.8457909306195598,105.73579398271424,1.3902659550820065,1907.664753384268,0.8345349966156201,0.01774708956528434,2.4534741642667526
SS,Pd0.9Pt0.1,0.3,30.7,80.0,3.0,96.06593587398648,0.4359645041261238,-0.8301944515020464,0.3441467258919616,121.42344166874842,1.3915391581314012,1864.1524122533099,1.0240765817515192,-0.03645725297284424,3.3794332562209566
SS,Co0.09Pd0.91,0.6199999999999999,27.2,20.0,4.0,104.31113525612504,4.823245122848408,1.5734469635250663,0.6509087988084683,103.9542259114077,1.397403727110518,1824.9318762597322,0.7046299734340636,0.12320067012342288,2.396043527650925
SS,Ni0.09Pd0.91,0.78,29.4,50.0,6.8,106.91702070974478,2.7165752252186164,0.9993719785894402,0.7274303677268682,103.95133658895487,1.3974137447345452,1822.8749032138248,0.7967763810499746,0.07158979622336903,2.1931176688575222
SS,Pd0.925Rh0.075,0.7,32.4,30.0,0.3,96.86776194876444,0.2418226344905151,-1.419550736867644,0.7423940675002797,106.16448455027388,1.3963648392413412,1857.7819798450707,0.7654911129695297,0.09349042645666274,2.4592061169608925
SS,Pd0.927Ir0.073,0.1,17.0,25.0,0.6,52.77119393230439,0.5999999999999999,-0.5108256237659909,0.111900770810493,117.10384697337396,1.3937737642496975,1941.4857891347601,1.177639855777374,0.2534077106719975,5.338040500979748
SS,Pd0.92Pt0.08,0.4,30.7,80.0,1.8,91.81885041672184,0.2615787024756743,-1.3410200752680372,0.4522579205711736,118.61025802550401,1.3931255875972752,1857.3831177224272,0.9731699657024552,-0.0006859189252011632,3.206745883991859
SS,Pd0.942Ir0.058,0.4,25.9,25.0,0.35,78.14063759342592,0.3499999999999997,-1.0498221244986785,0.4438238111174857,115.00660358064555,1.3949959767936841,1919.2182987958677,1.0884126880249727,0.23018875390135632,4.751866819029765
SS,Ti0.048Pd0.952,0.4,27.2,100.0,2.3,79.81787737721615,0.2534668023255709,-1.3725224218221326,0.4127998342576656,105.1215440979827,1.3999999999999997,1830.5547494429463,0.6065421860240235,0.15823066925004062,2.3557811312031145
SS,Bi0.05Pd0.95,0.4,37.8,100.0,0.16,86.06337174063657,0.0074653523067964,-4.897482654624173,0.4444285873653344,116.02712409604402,1.4187345683052015,1707.8068569751395,1.1164912784905947,0.23516619371179262,4.85749588867387
SS,V0.855Cr0.145,2.3,29.7,50.0,50.0,124.43296404221005,19.788671159054186,2.9851096102682533,1.1932905141671133,51.097115585626504,1.3573779435627968,2182.557323386232,-0.30767455214770195,0.32114526435370494,1.3822332834321864
SS,Ti0.2V0.8,3.4,60.0,110.0,1.8,161.48358496246277,0.0083801381195802,-4.781890882573819,1.7572714351441063,50.356651862037175,1.3595112723688865,2136.96544173459,-0.4508195268922743,0.33863085452816977,1.2879436188863214
SS,Zr0.975Nb0.025,2.2,219.0,800.0,0.2,190.69100141597443,3.9111449952122187e-29,-65.41113752804844,2.0367259358668486,91.2668154333716,1.5474550676201815,2143.8294794024714,-1.9294576342847694,0.5182044222960731,-0.13918569127295335
,V75Ti17.5Zr7.5,3.2,52.98,71.0,3.2920000000000003,145.1,0.021249848,-3.851405525,1.7520874327692513,55.618190768914715,1.383452652474092,2138.0120318991326,-0.5448318369821141,0.3505341493627083,1.1957557636360496
,LaNi4.7Sn0.3,1.5,36.51,24.4,0.8099999999999999,112.6,0.320558835,-1.137689446,1.1340178319635807,88.17814986663497,1.5429594432403306,1466.2944541073268,3.489587507449842,-1.7466983760970038,-2.336912108969155
,V75Ti10Zr7.5Cr7.5,3.2,42.23,61.4,13.1206,132.3,0.343601398,-1.068273019,1.7622436212777124,55.87318368434651,1.383548018392152,2154.221759896245,-0.5126075303523342,0.34894685616570664,1.2112004520697857
,LaNi4.8Sn0.2,1.3,32.83,30.4,2.634,104.3,0.518801844,-0.656233272,0.967753626174662,86.97308958485094,1.5428941313387037,1495.4288396989405,3.1196050050393915,-1.4932333817223955,-1.9176654428886757
,LaNi4.8Al0.2,1.3,30.4,46.0,3.624,101.6,0.996152949,-0.00385447,0.9278007065328102,84.44455790937576,1.5443610361595181,1543.5014041415654,2.393621122337099,-1.0014948422643297,-1.0211573096856346
,V0.85Ti0.1Fe0.05,3.4,42.9,61.0,13.132,148.0,1.734454519,0.550692966,1.7765676349042034,50.92135599672558,1.357447980978484,2139.8173768370098,-0.3204171492337644,0.3181364703011839,1.3851688211862923
,TiFe0.9Mn0.1,1.7400000000000002,29.7,28.0,4.0,107.7,2.749244481,1.01132614,0.9293970943186729,52.11154420799829,1.4,1855.5711343655205,-1.4723378565387657,0.4455979281861842,0.23725747288308754
,La0.85Ce0.15Ni5,1.024,24.3,24.6,2.1399999999999997,92.28,3.773595219,1.328028186,0.7267245674216263,84.54427888261571,1.5380701146921063,1549.897988074436,2.313879886065465,-0.9621907103020916,-0.8567891981859087
,V92.5Zr7.5,3.0,40.32,61.4,13.1206,147.0,4.339950546,1.467862953,1.6557034701767306,56.04882176747127,1.3753575213428724,2176.0266816307103,-0.23310596527971383,0.30881181450717543,1.4646857432762164
,La0.2Y0.8Ni4.6Mn0.4,1.3,27.1,16.2,2.98,105.0,5.65230817,1.732063987,0.8512310526259362,69.68093602465122,1.4773401458823339,1691.1441904491815,1.9530318673317244,0.9686689648104418,-0.5193338146708937
,Zr0.7Ti0.3Mn2,1.4,21.0,44.6,2.7939999999999996,85.0,5.926100553,1.779366417,0.8831651923221395,66.71713393861222,1.4509243858582925,1757.9709122067761,-1.4561276670015302,0.4424834238893869,-0.034855604902118066
,Ti0.9Zr0.1Mn1.4Cr0.35V0.2Fe0.05,1.98,25.89,41.8,5.7,106.9,11.55536386,2.447149733,1.1297481643155145,54.530467587916846,1.4053585215193165,1789.4080234231415,-1.3553788886710083,0.4500536386616566,0.19460885980184028
,La0.4Ce0.4Ca0.2Ni5,1.3800000000000001,28.2,12.0,4.5200000000000005,115.3,12.53613086,2.528614944,1.0014270220041843,80.16804864733245,1.5072716501519756,1554.6001322206853,2.16767147644106,-0.9101319618108303,-0.460972154930745
,Ti0.8Zr0.2CrMn,1.52,24.6,14.0,9.4,108.6,23.81578583,3.170348631,0.8105768765872992,56.395687667504205,1.4167411598075992,1896.068849695831,-1.4701557256278195,0.48263463800670053,0.14857698271248213
,Zr0.8Ti0.2FeNi0.8V0.2,2.5,26.8,31.4,5.11,118.3,31.57636591,3.452408926,1.6580231651064985,69.08696490221828,1.441371092103523,1935.1264052451095,-0.5801306277633343,0.15336686369628635,0.09682267836521342
,Ti0.77Zr0.3Cr0.85Fe0.7Mn0.25Ni0.2Cu0.03,1.8399999999999999,19.26,74.8,6.28,93.66,33.80666249,3.520657898,1.1340915575313417,58.93104689735173,1.4195710284594245,1947.8077144831439,-1.240784264426888,0.391319972703053,0.17726811425315797
,TiCr1.9Mo0.01,2.2,24.8,30.0,5.4399999999999995,113.0,37.30599485,3.619154034,1.1320680523806512,50.94279478472926,1.4003249581913546,2107.1551539541088,-1.5075335173751783,0.5218627398766853,0.29380263941034473
,TiCr1.9,2.5,26.19,3.6,9.040000000000001,122.0,62.974491,4.14272974,1.286433465959328,50.6484375000571,1.3999999999999997,2101.9947839755996,-1.5059469517608164,0.5222271735710449,0.2971770088029062
,ZrFe1.8Cr0.2,1.8,22.3,19.2,5.9,109.0,63.01154205,4.143317917,1.225294709533508,71.61289253802063,1.4676922644634607,1973.0393607098931,-1.421466312432778,0.42130928970829135,0.19202277622700664
,(Ti0.97Zr0.03)1.1Cr1.6Mn0.4,1.55,23.4,6.6,8.879999999999999,115.0,83.318363,4.422668969,0.8023846757680557,51.819345397551515,1.4028354724778693,2011.1567803811408,-1.486166673142081,0.5080587260407318,0.25284629023084304
,TiCr1.5Mn0.25Fe0.25,1.47,19.32,7.2,9.68,101.6,85.75949534,4.451546813,0.8752019107585822,51.32204373621448,1.4,2012.8279334529138,-1.461221214812947,0.4994633732277023,0.2795492525883737
,TiCr1.5Mn0.2Fe0.3,1.6300000000000001,18.32,-16.4,11.879999999999999,101.0,119.2821164,4.781491413,0.9264747127965925,51.339598312804796,1.4,2017.9902469468238,-1.4576016698856877,0.4988307565743409,0.28832897770362753
,TiCrMn,2.1,19.6,4.0,10.0,106.0,130.0843717,4.868183253,1.0980673660764952,51.76339550093137,1.4,1871.512225281021,-1.4360352168820563,0.48491330634175944,0.1970895282676308
,ZrFe1.8Ni0.2,1.7,21.5,-8.4,10.34,119.7,314.8175759,5.751993347,1.1637058028817948,71.87011981359882,1.464362242711553,1948.326480236646,-1.206296957136608,0.34807139368620066,0.15841986886037088
,Ti0.86Mo0.14Cr1.9,2.4,17.2,-16.4,8.74,117.0,1282.185912,7.156321644,1.2903258667797246,54.73591645650386,1.4043782569389713,2178.5555912742834,-1.4677636785250088,0.5200079678200912,0.3112837392952943
SS,NbTiVZrHf,2.2,61.8,315.0,0.17,88.0,5.88e-07,-14.35,2.0594822929853605,116.37411995528845,1.492225142041391,2386.12784379686,-0.6954850804409023,0.32156979974570493,1.0368997278311978
SS,VTiZrNb,1.5,67.6,311.0,0.05,90.3,7.48e-08,-16.41,1.0686294416243654,77.1887544474425,1.455778279747202,2310.5073381926163,-0.82872834352411,0.3993083831482265,1.0094249063005296
SS,NbTiV0.5ZrHf,1.8,59.1,326.0,0.25,87.4,1.63e-06,-13.33,1.7617032376426474,120.19700520513149,1.5005346121197463,2397.9955397322215,-0.7622175487848318,0.3249750057530483,0.974899329747425
SS,VTiAlCr,1.1,42.7,311.0,5.3,88.4,0.00137,-6.59,0.490426317618807,46.78589690503176,1.3629087743176844,1927.333025145876,-0.19824348758909144,0.07864785593344535,0.9788126126623191
SS,VTiAlTaNb,1.25,56.1,301.0,0.8,92.1,9.6e-06,-11.55,1.0037278948161543,117.57460427254068,1.41776181277918,2702.6850434766643,0.4484413960024255,0.026799326727629157,2.7307474959285587
SS,TiVCrNb,3.0,47.1,100.0,0.2,122.0,0.0132,-4.33,1.8694079835542463,66.56030011928226,1.4086095587486456,2350.978131965987,-0.6778612303056581,0.3961282026830272,1.1437032539707075
SS,Al0.1Ti0.3V0.3Nb0.3,2.6,48.6,62.5,0.20420000000000002,154.0,0.339,-1.08,1.5945618464603502,68.55979620263349,1.4037326083632928,2331.7529883875773,-0.17314297023113007,0.21724406266924734,1.4271803014429025
SS,TiVNb,3.1,67.0,220.0,0.1342,157.0,0.00029,-8.14,2.0282054810228183,70.51034096025515,1.410944606907925,2397.3500987508114,-0.44952053839772893,0.35665714246388547,1.4042006066333046
